index_code,index_name,change_pct,main_net_inflow,main_net_inflow_rate,max_net_inflow,max_net_inflow_rate,lg_net_inflow,lg_net_inflow_rate,mid_net_inflow,mid_net_inflow_rate,sm_net_inflow,sm_net_inflow_rate,stock_code,stock_name
BK0948,MicroLED,10.19,2840799376.0,1.86,3761386592.0,2.46,-920587216.0,-0.6,-2163806624.0,-1.42,-676993120.0,-0.44,京东方Ａ,000725
BK0880,UWB概念,19.86,2193006896.0,0.71,6626940208.0,2.15,-4433933312.0,-1.44,-3862915072.0,-1.25,1669908736.0,0.54,京东方Ａ,000725
BK0715,航母概念,19.23,1990110576.0,0.48,4862260080.0,1.18,-2872149504.0,-0.7,-5262496000.0,-1.27,3272384256.0,0.79,海兰信,300065
BK1151,短剧互动游戏,15.67,1942776912.0,0.71,6221113168.0,2.26,-4278336256.0,-1.56,-4058478208.0,-1.48,2115701104.0,0.77,岩山科技,002195
BK1057,电子纸概念,4.67,1900333824.0,2.35,2594533840.0,3.21,-694200016.0,-0.86,-1532902624.0,-1.9,-367431408.0,-0.45,京东方Ａ,000725
BK0684,京津冀,6.39,1771964656.0,0.88,3952841184.0,1.95,-2180876528.0,-1.08,-3142666752.0,-1.55,1370702592.0,0.68,巨力索具,002342
BK0625,通用航空,10.51,1643902224.0,0.62,3300667920.0,1.24,-1656765696.0,-0.62,-3926735872.0,-1.48,2277061120.0,0.86,中航西飞,000768
BK0437,煤炭行业,4.61,1523275104.0,1.71,981472240.0,1.1,541802864.0,0.61,-1585991152.0,-1.78,62715936.0,0.07,山西焦煤,000983
BK0972,快手概念,14.39,1519199952.0,0.46,5487847104.0,1.65,-3968647152.0,-1.19,-3102203904.0,-0.93,1583004160.0,0.47,每日互动,300766
BK0947,屏下摄像,6.35,1468444176.0,1.08,2842130048.0,2.09,-1373685872.0,-1.01,-2037308560.0,-1.5,568864608.0,0.42,京东方Ａ,000725
BK1133,ERP概念,11.92,1443928240.0,1.55,1767092224.0,1.89,-323163984.0,-0.35,-1561915680.0,-1.67,101343152.0,0.11,汉得信息,300170
BK1142,裸眼3D,10.31,1294357760.0,1.33,2077322464.0,2.13,-782964704.0,-0.8,-1166327056.0,-1.2,-128030816.0,-0.13,京东方Ａ,000725
BK1034,电源设备,8.07,1237179664.0,0.64,1583025568.0,0.82,-345845904.0,-0.18,-963414016.0,-0.5,-273765440.0,-0.14,融发核电,002366
BK1172,AI语料,11.69,1225933872.0,0.55,5372779696.0,2.42,-4146845824.0,-1.87,-4148569952.0,-1.87,2922636384.0,1.31,岩山科技,002195
BK1065,气溶胶检测,6.86,1165882288.0,2.46,1591689152.0,3.36,-425806864.0,-0.9,-819310800.0,-1.73,-346571440.0,-0.73,京东方Ａ,000725
BK0726,工程咨询服务,7.32,1143182910.0,2.04,1014877470.0,1.81,128305440.0,0.23,-590890192.0,-1.05,-575180304.0,-1.03,华建集团,600629
BK0902,MiniLED,8.51,1081315328.0,0.27,2780279040.0,0.69,-1698963712.0,-0.42,-2721990144.0,-0.68,1640673024.0,0.41,京东方Ａ,000725
BK0729,船舶制造,16.38,1076745312.0,1.12,1769646560.0,1.84,-692901248.0,-0.72,-1979307440.0,-2.06,902562160.0,0.94,海兰信,300065
BK0897,IPv6,10.88,1066743184.0,0.59,3279252880.0,1.8,-2212509696.0,-1.21,-2702725152.0,-1.48,1635981728.0,0.9,烽火通信,600498
BK0672,沪企改革,4.47,952945264.0,0.7,1151466560.0,0.84,-198521296.0,-0.15,-783047104.0,-0.57,-169897744.0,-0.12,华建集团,600629
BK1179,房屋检测,7.16,823729916.0,1.22,1019726460.0,1.52,-195996544.0,-0.29,-429493136.0,-0.64,-390427952.0,-0.58,华建集团,600629
BK1186,首发经济,5.51,820136304.0,0.68,3469929696.0,2.86,-2649793392.0,-2.18,-2221855072.0,-1.83,1373496208.0,1.13,岩山科技,002195
BK1176,财税数字化,10.83,691740896.0,0.35,2618976976.0,1.32,-1927236080.0,-0.97,-1615152384.0,-0.82,973543872.0,0.49,汉得信息,300170
BK0520,社保重仓,6.23,564285552.0,1.07,541270704.0,1.03,23014848.0,0.04,-514440032.0,-0.98,-49845488.0,-0.09,西测测试,301306
BK0725,装修装饰,7.96,555342912.0,0.97,925309200.0,1.61,-369966288.0,-0.65,-282131200.0,-0.49,-356762128.0,-0.62,志特新材,300986
BK0957,拼多多概念,9.87,529001632.0,0.55,1339923568.0,1.39,-810921936.0,-0.84,-757012800.0,-0.78,223683536.0,0.23,每日互动,300766
BK0656,智能电视,13.53,502139552.0,0.63,1574059584.0,1.98,-1071920032.0,-1.35,-1034703280.0,-1.3,532563680.0,0.67,银河电子,002519
BK1070,土壤修复,5.11,502005808.0,0.57,1848103920.0,2.08,-1346098112.0,-1.52,-1236351152.0,-1.39,738851872.0,0.83,顺灏股份,002565
BK1159,Sora概念,13.75,459853072.0,0.14,4680984112.0,1.41,-4221131040.0,-1.28,-3970668048.0,-1.2,3510814656.0,1.06,岩山科技,002195
BK0850,进口博览,4.01,449948645.0,1.31,1044346277.0,3.03,-594397632.0,-1.73,-550064112.0,-1.6,100115424.0,0.29,东方明珠,600637
BK1014,发电机概念,5.18,434122201.0,0.96,317567577.0,0.7,116554624.0,0.26,-678009408.0,-1.5,243887152.0,0.54,潍柴重机,000880
BK0955,C2M概念,5.46,414441024.0,0.48,1128864960.0,1.3,-714423936.0,-0.82,-813901376.0,-0.94,399460464.0,0.46,汉得信息,300170
BK1169,Kimi概念,14.07,384001408.0,0.23,1956768160.0,1.16,-1572766752.0,-0.93,-1237056880.0,-0.73,853055760.0,0.51,汉得信息,300170
BK0429,交运设备,3.85,331948565.0,0.47,719202405.0,1.02,-387253840.0,-0.55,-829223296.0,-1.17,458777504.0,0.65,内蒙一机,600967
BK0155,河北板块,5.69,294233152.0,0.11,2040699968.0,0.73,-1746466816.0,-0.62,-2532902400.0,-0.9,2322593536.0,0.83,巨力索具,002342
BK0814,大飞机,18.6,263290368.0,0.02,8676014336.0,0.82,-8412723968.0,-0.79,-8803321600.0,-0.83,8611963904.0,0.81,银邦股份,300337
BK0669,生态农业,2.62,259364704.0,0.23,1875996560.0,1.66,-1616631856.0,-1.43,-1543239984.0,-1.37,1283875184.0,1.14,顺灏股份,002565
BK0146,黑龙江,6.2,227169584.0,0.18,1849592720.0,1.43,-1622423136.0,-1.25,-1408303968.0,-1.09,1146025696.0,0.89,广联航空,300900
BK1074,托育服务,4.72,211451344.0,0.81,526730016.0,2.03,-315278672.0,-1.21,-271432560.0,-1.05,59981200.0,0.23,孚日股份,002083
BK0643,上海自贸,6.44,182034784.0,0.13,1261610688.0,0.88,-1079575904.0,-0.76,-820588880.0,-0.58,638554432.0,0.45,东方明珠,600637
BK0606,油气设服,6.43,173617184.0,0.09,1434261696.0,0.72,-1260644512.0,-0.63,-1633962240.0,-0.82,1455389696.0,0.73,中国海油,600938
BK0733,包装材料,7.11,139548032.0,0.11,2214050496.0,1.8,-2074502464.0,-1.69,-1975143312.0,-1.61,1765200992.0,1.44,顺灏股份,002565
BK0464,石油行业,4.95,120404672.0,0.15,38075088.0,0.05,82329584.0,0.1,-179050576.0,-0.22,58645984.0,0.07,中国海油,600938
BK0480,航天航空,20.5,117440000.0,0.02,4724217344.0,0.76,-4606777344.0,-0.74,-4976061696.0,-0.8,5011961088.0,0.81,中航机载,600372
BK1094,钙钛矿电池,8.52,82282496.0,0.04,1052398576.0,0.46,-970116080.0,-0.42,-1688612608.0,-0.73,1590923008.0,0.69,京东方Ａ,000725
BK1007,植物照明,6.87,81780742.0,0.17,307544566.0,0.63,-225763824.0,-0.46,-436955520.0,-0.89,355174864.0,0.73,三安光电,600703
BK1143,空间计算,7.81,63616722.0,0.13,-131265758.0,-0.27,194882480.0,0.4,-239190464.0,-0.49,205462400.0,0.42,每日互动,300766
BK1017,采掘行业,6.38,60814069.0,0.12,166347205.0,0.32,-105533136.0,-0.2,-650060688.0,-1.23,554031296.0,1.05,广东宏大,002683
BK0636,B股,2.11,-18723612.0,-2.46,-5310806.0,-0.7,-13412806.0,-1.76,25122193.0,3.3,-6398579.0,-0.84,京东方Ｂ,200725
BK0856,工业大麻,3.83,-62809552.0,-0.05,1571641104.0,1.26,-1634450656.0,-1.31,-1453005376.0,-1.17,1515814912.0,1.22,顺灏股份,002565
BK1148,BC电池,10.32,-65842432.0,-0.04,1126004560.0,0.73,-1191846992.0,-0.77,-1165214224.0,-0.75,1317298976.0,0.85,钧达股份,002865
BK1043,专业服务,7.57,-74656976.0,-0.08,369109840.0,0.37,-443766816.0,-0.45,-368401632.0,-0.37,417876784.0,0.42,西测测试,301306
BK0954,盲盒经济,4.41,-75937799.0,-0.2,-55871239.0,-0.14,-20066560.0,-0.05,-308291520.0,-0.8,384229296.0,1.0,芒果超媒,300413
BK0942,商汤概念,6.3,-77968560.0,-0.07,662417424.0,0.6,-740385984.0,-0.67,-941298176.0,-0.86,1019267168.0,0.93,TCL科技,000100
BK0685,举牌,4.86,-89776723.0,-0.92,-39918043.0,-0.41,-49858680.0,-0.51,136352479.0,1.39,-46575783.0,-0.48,塔牌集团,002233
BK1023,培育钻石,2.29,-90692816.0,-0.13,143728000.0,0.21,-234420816.0,-0.34,-412250960.0,-0.6,452272960.0,0.66,黄河旋风,600172
BK0805,钛白粉,5.47,-127476200.0,-0.3,171797128.0,0.4,-299273328.0,-0.69,-543689600.0,-1.26,671165824.0,1.55,国城矿业,000688
BK1084,数字哨兵,7.5,-133187196.0,-0.61,119546679.0,0.55,-252733875.0,-1.16,-423181664.0,-1.94,556368816.0,2.55,汇纳科技,300609
BK1116,抗菌面料,8.43,-159349952.0,-0.34,46208160.0,0.1,-205558112.0,-0.44,-39447216.0,-0.09,198797168.0,0.43,南山智尚,300918
BK0959,数字阅读,6.27,-189046200.0,-0.47,341351096.0,0.85,-530397296.0,-1.32,-332944592.0,-0.83,521990832.0,1.3,掌阅科技,603533
BK0904,广电,9.21,-189784352.0,-0.25,1059482048.0,1.4,-1249266400.0,-1.65,-454381232.0,-0.6,692146128.0,0.91,银河电子,002519
BK0427,公用事业,3.89,-197974268.0,-0.86,-60994812.0,-0.26,-136979456.0,-0.59,113141584.0,0.49,84832688.0,0.37,百通能源,001376
BK1092,麒麟电池,12.04,-202371072.0,-0.12,140684960.0,0.09,-343056032.0,-0.21,-2261920048.0,-1.39,2464291680.0,1.52,银邦股份,300337
BK0949,氦气概念,14.04,-211471728.0,-0.16,1943580192.0,1.5,-2155051920.0,-1.67,-1980589600.0,-1.53,2192061328.0,1.7,雪人集团,002639
BK0822,租售同权,4.66,-212815200.0,-0.25,270229152.0,0.32,-483044352.0,-0.57,-174584992.0,-0.21,387400160.0,0.46,保利发展,600048
BK1098,生物质能发电,3.89,-226966824.0,-0.78,-27285496.0,-0.09,-199681328.0,-0.69,-43212896.0,-0.15,270179680.0,0.93,华光环能,600475
BK0979,低碳冶金,3.17,-229346130.0,-1.03,-51668098.0,-0.23,-177678032.0,-0.8,-129875136.0,-0.59,359221232.0,1.62,宝钢股份,600019
BK0734,珠宝首饰,0.37,-232951185.0,-1.4,-164706630.0,-0.99,-68244555.0,-0.41,74556896.0,0.45,158394272.0,0.95,飞亚达,000026
BK0471,化纤行业,12.11,-255332832.0,-0.21,-149886016.0,-0.12,-105446816.0,-0.09,508644736.0,0.42,-189979520.0,-0.16,双欣环保,001369
BK1079,户外露营,2.88,-294453784.0,-1.01,-86774296.0,-0.3,-207679488.0,-0.71,-280641664.0,-0.96,562602432.0,1.93,际华集团,601718
BK0950,草甘膦,3.11,-308435120.0,-1.12,-7352912.0,-0.03,-301082208.0,-1.09,-279540480.0,-1.01,587975616.0,2.13,扬农化工,600486
BK0887,鸡肉概念,0.68,-311527693.0,-1.15,-141632349.0,-0.52,-169895344.0,-0.63,117605024.0,0.44,193922672.0,0.72,天马科技,603668
BK0424,水泥建材,3.8,-314683440.0,-0.49,-28555936.0,-0.04,-286127504.0,-0.45,-553399568.0,-0.87,868083040.0,1.36,海螺水泥,600585
BK0992,REITs概念,2.66,-323717600.0,-0.32,-218227776.0,-0.22,-105489824.0,-0.11,-601436224.0,-0.6,925153856.0,0.93,顺丰控股,002352
BK0730,农药兽药,4.06,-328757312.0,-0.53,208381840.0,0.34,-537139152.0,-0.87,-250840688.0,-0.41,532075264.0,0.86,联化科技,002250
BK1045,房地产服务,3.39,-339949159.0,-1.42,-84995927.0,-0.36,-254953232.0,-1.07,-53429984.0,-0.22,393379152.0,1.65,*ST阳光,000608
BK1016,汽车服务,1.72,-348404069.0,-2.79,-179128920.0,-1.43,-169275149.0,-1.35,-69039631.0,-0.55,390481008.0,3.12,北巴传媒,600386
BK1119,PLC概念,10.88,-362975904.0,-0.65,-162076944.0,-0.29,-200898960.0,-0.36,-343585184.0,-0.61,706561168.0,1.26,宝信软件,600845
BK1153,多模态AI,11.52,-388068544.0,-0.1,3204087760.0,0.83,-3592156304.0,-0.93,-4014264320.0,-1.04,4320835584.0,1.12,岩山科技,002195
BK1170,AI制药（医疗）,10.81,-390087584.0,-0.22,3569661440.0,2.01,-3959749024.0,-2.23,-3711522304.0,-2.09,4101610256.0,2.31,岩山科技,002195
BK0162,宁夏板块,4.61,-403503199.0,-1.32,-117077999.0,-0.38,-286425200.0,-0.94,-139307936.0,-0.46,511161456.0,1.67,英 力 特,000635
BK0818,可燃冰,4.0,-413629012.0,-1.65,-178169428.0,-0.71,-235459584.0,-0.94,-140819376.0,-0.56,554448384.0,2.22,南钢股份,600282
BK1011,环氧丙烷,4.37,-419064160.0,-0.6,302985584.0,0.43,-722049744.0,-1.04,176694736.0,0.25,212364080.0,0.3,卫星化学,002648
BK1628,2025三季报扭亏,3.08,-437222289.0,-1.24,47610639.0,0.14,-484832928.0,-1.37,-668312912.0,-1.9,915091888.0,2.59,中稀有色,600259
BK0938,代糖概念,5.86,-444727398.0,-1.13,-171227478.0,-0.44,-273499920.0,-0.7,133903792.0,0.34,310823552.0,0.79,太阳纸业,002078
BK0866,人造肉,1.25,-461118538.0,-1.46,-267389050.0,-0.85,-193729488.0,-0.61,215989536.0,0.69,245128960.0,0.78,好想你,002582
BK0907,转基因,2.08,-462153245.0,-1.7,-274153741.0,-1.01,-187999504.0,-0.69,67498624.0,0.25,279579904.0,1.03,天康生物,002100
BK1069,智慧灯杆,4.76,-472053894.0,-0.93,234434714.0,0.46,-706488608.0,-1.39,-284615200.0,-0.56,750587088.0,1.48,润建股份,002929
BK1082,噪声防治,6.57,-495723907.0,-3.59,-318187162.0,-2.3,-177536745.0,-1.29,177407819.0,1.28,318316121.0,2.31,恒大高新,002591
BK1199,2025三季报预减,5.25,-510670307.0,-2.39,-106392579.0,-0.5,-404277728.0,-1.89,-199282464.0,-0.93,715323472.0,3.35,成电光信,920008
BK0706,人脑工程,26.32,-525440880.0,-0.15,4767922512.0,1.38,-5293363392.0,-1.53,-3753399504.0,-1.09,4278840464.0,1.24,岩山科技,002195
BK0436,纺织服装,4.56,-527841584.0,-0.34,663375280.0,0.43,-1191216864.0,-0.77,-81399616.0,-0.05,581018176.0,0.38,孚日股份,002083
BK0174,西藏板块,5.17,-531994624.0,-0.77,54926720.0,0.08,-586921344.0,-0.84,-854872224.0,-1.23,1386866848.0,2.0,华林证券,002945
BK0566,滨海新区,2.24,-574500852.0,-1.52,-230545204.0,-0.61,-343955648.0,-0.91,-177978592.0,-0.47,752479504.0,1.99,渤海租赁,000415
BK1063,重组蛋白,6.18,-589424996.0,-2.09,-247639892.0,-0.88,-341785104.0,-1.21,-184168048.0,-0.65,524115456.0,1.86,丽珠集团,000513
BK1035,美容护理,2.74,-600227895.0,-1.62,-426364999.0,-1.15,-173862896.0,-0.47,258218864.0,0.7,342008976.0,0.92,延江股份,300658
BK0603,页岩气,5.12,-613157008.0,-0.42,276073648.0,0.19,-889230656.0,-0.61,-397016816.0,-0.27,998932688.0,0.69,航天智造,300446
BK0674,蓝宝石,9.4,-617361136.0,-0.29,608147984.0,0.29,-1225509120.0,-0.57,-1054309632.0,-0.49,1671670528.0,0.78,三安光电,600703
BK1053,低价股,2.41,-623586624.0,-0.27,1265409728.0,0.54,-1888996352.0,-0.81,-2416016128.0,-1.04,3053262848.0,1.31,杭萧钢构,600477
BK1103,熔盐储能,3.72,-643520041.0,-2.72,-297158617.0,-1.26,-346361424.0,-1.46,-35889360.0,-0.15,621876576.0,2.63,合康新能,300048
BK1113,复合集流体,6.98,-658304896.0,-0.65,256116016.0,0.25,-914420912.0,-0.91,-594264768.0,-0.59,1252569696.0,1.24,胜利精密,002426
BK0890,MLCC,13.04,-659833824.0,-0.34,1268797728.0,0.65,-1928631552.0,-0.98,-598823424.0,-0.31,1258657120.0,0.64,火炬电子,603678
BK0945,装配建筑,4.62,-660172384.0,-0.34,264008288.0,0.14,-924180672.0,-0.48,-1110465536.0,-0.58,1765550336.0,0.92,华建集团,600629
BK1097,TOPCon电池,10.53,-665357888.0,-0.28,584982112.0,0.25,-1250340000.0,-0.53,-508515840.0,-0.22,1173873920.0,0.5,钧达股份,002865
BK1028,燃气,3.48,-666524896.0,-1.11,136287376.0,0.23,-802812272.0,-1.34,-10813984.0,-0.02,648444736.0,1.08,九丰能源,605090
BK1187,小红书概念,7.75,-692688608.0,-0.17,4306268848.0,1.07,-4998957456.0,-1.24,-3458469376.0,-0.86,4122935552.0,1.02,每日互动,300766
BK0943,汽车拆解,6.64,-702968016.0,-1.03,746953712.0,1.09,-1449921728.0,-2.12,-1234636944.0,-1.81,1910642240.0,2.79,格林美,002340
BK0165,陕西板块,10.18,-705894656.0,-0.12,3737059328.0,0.66,-4442953984.0,-0.78,-3963780608.0,-0.7,5301081088.0,0.93,C陕旅,603402
BK0914,医废处理,5.11,-718887293.0,-1.41,-221865053.0,-0.44,-497022240.0,-0.98,-276282256.0,-0.54,986965584.0,1.94,塞力医疗,603716
BK0853,电子竞技,5.91,-725763664.0,-0.4,2650620272.0,1.48,-3376383936.0,-1.88,-1340434448.0,-0.75,2069366784.0,1.15,京东方Ａ,000725
BK0154,广西板块,4.23,-746003808.0,-0.79,-12800736.0,-0.01,-733203072.0,-0.77,-529846928.0,-0.56,961135872.0,1.01,润建股份,002929
BK0740,教育,4.28,-749050479.0,-1.99,-212104495.0,-0.56,-536945984.0,-1.43,48686080.0,0.13,700364368.0,1.86,创业黑马,300688
BK1013,华为欧拉,9.38,-751737264.0,-0.88,684346352.0,0.8,-1436083616.0,-1.68,-545312512.0,-0.64,1214743968.0,1.42,东通退,300379
BK0996,毛发医疗,3.31,-756212632.0,-3.23,-252495688.0,-1.08,-503716944.0,-2.15,85435888.0,0.37,670776736.0,2.87,朗姿股份,002612
BK0622,地热能,5.63,-757755444.0,-3.45,-380687700.0,-1.73,-377067744.0,-1.72,164914288.0,0.75,592841184.0,2.7,中材节能,603126
BK0484,贸易行业,4.56,-768985168.0,-0.88,463251536.0,0.53,-1232236704.0,-1.41,-564388736.0,-0.65,1332822576.0,1.53,跨境通,002640
BK0421,铁路公路,-0.72,-788092320.0,-1.77,-292439424.0,-0.66,-495652896.0,-1.12,163071952.0,0.37,625020416.0,1.41,大众交通,600611
BK0970,生物识别,9.47,-792541664.0,-0.26,1563230496.0,0.5,-2355772160.0,-0.76,-3490853632.0,-1.12,4263766784.0,1.37,航天科技,000901
BK0936,长寿药,3.37,-796650413.0,-1.95,-261545053.0,-0.64,-535105360.0,-1.31,-27771344.0,-0.07,827854672.0,2.03,兄弟科技,002562
BK1099,轮毂电机,4.58,-800992831.0,-4.47,-253393919.0,-1.42,-547598912.0,-3.06,-107239888.0,-0.6,908232704.0,5.07,佳电股份,000922
BK0982,电子车牌,8.1,-801454208.0,-1.27,87650784.0,0.14,-889104992.0,-1.41,-637086624.0,-1.01,1438540848.0,2.28,易华录,300212
BK0894,阿兹海默,3.76,-803321684.0,-2.72,-573792564.0,-1.94,-229529120.0,-0.78,252729520.0,0.86,550592176.0,1.86,万邦德,002082
BK0915,WiFi,11.02,-806915584.0,-0.26,3368442880.0,1.07,-4175358464.0,-1.33,-2588849152.0,-0.82,3383750144.0,1.08,通宇通讯,002792
BK0498,AB股,3.06,-811535472.0,-0.46,1669740448.0,0.95,-2481275920.0,-1.42,-952509808.0,-0.54,1764046432.0,1.01,京东方Ａ,000725
BK0739,工程机械,3.12,-818618896.0,-0.67,-198374592.0,-0.16,-620244304.0,-0.51,81853456.0,0.07,484017664.0,0.4,恒立液压,601100
BK0479,钢铁行业,4.66,-826533776.0,-0.61,21485008.0,0.02,-848018784.0,-0.63,-961707968.0,-0.71,1823990352.0,1.35,河钢资源,000923
BK1095,钒电池,5.78,-853651776.0,-0.75,21726992.0,0.02,-875378768.0,-0.76,-1107492480.0,-0.97,1961144096.0,1.71,上海电气,601727
BK1147,SPD概念,0.74,-859501716.0,-1.87,277914108.0,0.6,-1137415824.0,-2.47,-1110463984.0,-2.41,1969965664.0,4.28,塞力医疗,603716
BK0476,装修建材,4.32,-861709024.0,-1.05,-775517856.0,-0.94,-86191168.0,-0.1,190314192.0,0.23,671394896.0,0.82,东方雨虹,002271
BK1006,碳基材料,9.0,-871755728.0,-1.06,208692000.0,0.25,-1080447728.0,-1.31,-102086608.0,-0.12,973842320.0,1.18,海特高新,002023
BK0872,青蒿素,3.41,-888233021.0,-3.63,-801915789.0,-3.28,-86317232.0,-0.35,108170736.0,0.44,780062256.0,3.19,德龙汇能,000593
BK1086,粮食概念,-0.13,-902920848.0,-1.5,-362722896.0,-0.6,-540197952.0,-0.9,248904256.0,0.41,658689040.0,1.1,天虹股份,002419
BK0855,纳米银,9.52,-904748400.0,-1.05,-38722320.0,-0.05,-866026080.0,-1.01,-536554672.0,-0.63,1441303040.0,1.68,英唐智控,300131
BK1132,MLOps概念,9.76,-912537568.0,-1.92,-238191936.0,-0.5,-674345632.0,-1.42,-466362576.0,-0.98,1378900192.0,2.9,星环科技-U,688031
BK0539,综合行业,4.16,-928046352.0,-1.67,-23421456.0,-0.04,-904624896.0,-1.63,18523568.0,0.03,909522768.0,1.64,粤桂股份,000833
BK0895,维生素,4.19,-951716704.0,-1.26,-135249088.0,-0.18,-816467616.0,-1.08,-543328320.0,-0.72,1463281264.0,1.94,华润三九,000999
BK0944,肝素概念,2.03,-953672983.0,-4.3,-715658967.0,-3.22,-238014016.0,-1.07,289559152.0,1.3,664113792.0,2.99,丰原药业,000153
BK0899,CRO,8.19,-954787264.0,-0.83,-100153216.0,-0.09,-854634048.0,-0.75,-489623920.0,-0.43,1419043744.0,1.24,联化科技,002250
BK0967,水产养殖,1.78,-968419296.0,-1.65,-328689136.0,-0.56,-639730160.0,-1.09,147644112.0,0.25,820775152.0,1.39,天马科技,603668
BK0724,海绵城市,3.77,-988754656.0,-0.86,925160384.0,0.81,-1913915040.0,-1.67,-1207980768.0,-1.05,2196735904.0,1.92,蕾奥规划,300989
BK1073,啤酒概念,2.25,-998696119.0,-2.69,-613731543.0,-1.65,-384964576.0,-1.04,312423776.0,0.84,686272384.0,1.85,亚盛集团,600108
BK0991,工程机械概念,5.26,-1026858544.0,-0.64,-321506336.0,-0.2,-705352208.0,-0.44,55279904.0,0.03,807025888.0,0.5,恒立液压,601100
BK0171,云南板块,3.9,-1037093488.0,-0.55,-540585264.0,-0.29,-496508224.0,-0.26,-1084896128.0,-0.58,2110381920.0,1.12,云南锗业,002428
BK1058,地下管网,6.73,-1051469648.0,-1.07,-646142704.0,-0.66,-405326944.0,-0.41,724712608.0,0.74,278296144.0,0.28,三和管桩,003037
BK0908,HIT电池,10.28,-1090483136.0,-0.37,1848728896.0,0.63,-2939212032.0,-1.01,-2442267392.0,-0.84,3546909184.0,1.22,东方日升,300118
BK0738,多元金融,5.11,-1091193040.0,-1.24,177583664.0,0.2,-1268776704.0,-1.44,-544355568.0,-0.62,1635548640.0,1.85,浙江东方,600120
BK0440,家用轻工,1.89,-1093303993.0,-1.98,-263164121.0,-0.48,-830139872.0,-1.5,46425088.0,0.08,910650016.0,1.65,德力股份,002571
BK0886,智慧政务,8.52,-1186042656.0,-0.4,2225528288.0,0.76,-3411570944.0,-1.16,-1974238720.0,-0.67,3220909568.0,1.09,电科网安,002268
BK1109,供销社概念,0.94,-1201447669.0,-4.02,-920033701.0,-3.08,-281413968.0,-0.94,276384048.0,0.93,925063584.0,3.1,天禾股份,002999
BK1026,调味品概念,0.96,-1215136224.0,-2.11,-588573264.0,-1.02,-626562960.0,-1.09,17352096.0,0.03,1046400880.0,1.82,日辰股份,603755
BK0985,换电概念,7.79,-1220763648.0,-0.55,453620592.0,0.21,-1674384240.0,-0.76,-1741524224.0,-0.79,2905538560.0,1.32,超捷股份,301005
BK1190,虚拟机器人,9.95,-1233116480.0,-0.55,646843264.0,0.29,-1879959744.0,-0.84,-810610240.0,-0.36,2032926944.0,0.91,鼎捷数智,300378
BK0475,银行,-1.2,-1251375200.0,-0.51,-1975313920.0,-0.8,723938720.0,0.29,879345408.0,0.36,372029440.0,0.15,兴业银行,601166
BK0451,房地产开发,5.17,-1258849520.0,-0.58,447422464.0,0.21,-1706271984.0,-0.78,-930671440.0,-0.43,2189522624.0,1.0,盈新发展,000620
BK1080,新型城镇化,6.97,-1292203008.0,-0.86,16832112.0,0.01,-1309035120.0,-0.87,-223295664.0,-0.15,1517758592.0,1.01,志特新材,300986
BK0676,独家药品,1.35,-1295955144.0,-2.0,-815427432.0,-1.26,-480527712.0,-0.74,-53558928.0,-0.08,1349514032.0,2.08,华润三九,000999
BK1066,民爆概念,3.56,-1296407472.0,-1.46,-412579584.0,-0.46,-883827888.0,-1.0,-19020912.0,-0.02,1315428352.0,1.48,广东宏大,002683
BK0983,核污染防治,14.47,-1319128384.0,-0.91,1080819184.0,0.74,-2399947568.0,-1.65,-1305118000.0,-0.9,2615299232.0,1.8,中核科技,000777
BK0839,知识产权,8.31,-1355191536.0,-1.06,58856384.0,0.05,-1414047920.0,-1.11,-626390192.0,-0.49,2029561264.0,1.59,掌阅科技,603533
BK0447,互联网服务,10.39,-1361897216.0,-0.17,9506674432.0,1.16,-10868571648.0,-1.33,-7873459712.0,-0.96,9301414656.0,1.14,岩山科技,002195
BK1018,橡胶制品,2.43,-1389439504.0,-1.85,-484019104.0,-0.65,-905420400.0,-1.21,-259126336.0,-0.35,1605924224.0,2.14,赛轮轮胎,601058
BK0892,乳业,-3.79,-1415121127.0,-2.47,-904504263.0,-1.58,-510616864.0,-0.89,33198640.0,0.06,1230539280.0,2.15,维维股份,600300
BK1054,DRG/DIP,7.01,-1420640407.0,-2.27,-414095511.0,-0.66,-1006544896.0,-1.61,-328053216.0,-0.52,1748693600.0,2.79,塞力医疗,603716
BK0679,超导概念,13.36,-1452971216.0,-0.59,486935856.0,0.2,-1939907072.0,-0.78,-1385657344.0,-0.56,2839799040.0,1.15,健信超导,688805
BK1019,化学原料,5.06,-1474884096.0,-0.83,450257312.0,0.25,-1925141408.0,-1.08,-558681136.0,-0.31,1955057408.0,1.1,新金路,000510
BK1049,EDR概念,7.35,-1477179152.0,-1.56,-797975584.0,-0.84,-679203568.0,-0.72,-341508928.0,-0.36,1818688128.0,1.92,天迈科技,300807
BK1158,微盘股,4.75,-1510652560.0,-0.58,565907984.0,0.22,-2076560544.0,-0.79,373333760.0,0.14,1137318656.0,0.43,赛福天,603028
BK0699,全息技术,9.19,-1524318864.0,-1.62,-4720912.0,-0.01,-1519597952.0,-1.61,-21649360.0,-0.02,1545968256.0,1.64,深天马Ａ,000050
BK0619,3D打印,11.36,-1526693056.0,-0.38,1563811648.0,0.39,-3090504704.0,-0.77,-1731144704.0,-0.43,3184840448.0,0.8,银邦股份,300337
BK1192,雅下水电概念,6.16,-1529040544.0,-0.52,1157039712.0,0.39,-2686080256.0,-0.91,-2292013056.0,-0.78,3731858944.0,1.26,三一重工,600031
BK1075,电子身份证,9.67,-1540882080.0,-1.01,-179614224.0,-0.12,-1361267856.0,-0.89,-1210301680.0,-0.79,2751182912.0,1.8,熵基科技,301330
BK0163,青海板块,10.83,-1548957888.0,-2.05,-778145088.0,-1.03,-770812800.0,-1.02,-96655088.0,-0.13,1645612928.0,2.18,远东股份,600869
BK0173,贵州板块,5.67,-1555600928.0,-0.93,-39412112.0,-0.02,-1516188816.0,-0.91,90749696.0,0.05,1286741232.0,0.77,勘设股份,603458
BK0470,造纸印刷,2.77,-1562052288.0,-1.77,-414521088.0,-0.47,-1147531200.0,-1.3,-142267584.0,-0.16,1546206512.0,1.75,太阳纸业,002078
BK1085,痘病毒防治,6.95,-1585815603.0,-1.64,-371652403.0,-0.38,-1214163200.0,-1.25,-307817904.0,-0.32,1893633040.0,1.96,谱尼测试,300887
BK0708,体育产业,3.81,-1611302256.0,-0.97,792688464.0,0.48,-2403990720.0,-1.44,-1172728832.0,-0.7,2751107072.0,1.65,东方明珠,600637
BK0995,华为昇腾,9.91,-1616593952.0,-0.78,1693637776.0,0.81,-3310231728.0,-1.59,-1900092160.0,-0.91,3516686192.0,1.69,创新医疗,002173
BK0990,快递概念,1.92,-1620291712.0,-1.67,-674443760.0,-0.7,-945847952.0,-0.98,-310707296.0,-0.32,1925078912.0,1.99,顺丰控股,002352
BK0614,食品安全,7.22,-1627997760.0,-1.33,369846064.0,0.3,-1997843824.0,-1.63,-600707648.0,-0.49,2223301344.0,1.81,航天信息,600271
BK1165,娃哈哈概念,8.03,-1635292381.0,-2.87,-739258685.0,-1.3,-896033696.0,-1.57,-117339344.0,-0.21,1752631728.0,3.08,三房巷,600370
BK1182,智谱AI,13.12,-1657229632.0,-0.53,1758247472.0,0.57,-3415477104.0,-1.1,-1870857728.0,-0.6,3503719008.0,1.13,汉得信息,300170
BK0425,工程建设,5.06,-1670002400.0,-1.01,371248624.0,0.23,-2041251024.0,-1.24,-745874352.0,-0.45,2419960064.0,1.47,中国核建,601611
BK0803,股权转让,6.09,-1672071568.0,-2.23,-518840960.0,-0.69,-1153230608.0,-1.54,39966864.0,0.05,1655259568.0,2.21,中旗新材,001212
BK1041,医疗器械,8.28,-1677874800.0,-0.81,-224253408.0,-0.11,-1453621392.0,-0.7,356568080.0,0.17,1397439344.0,0.68,健信超导,688805
BK0881,3D玻璃,11.14,-1694727840.0,-1.06,396022688.0,0.25,-2090750528.0,-1.31,-437169200.0,-0.27,2131897056.0,1.34,凯盛科技,600552
BK1068,净水概念,1.21,-1697587600.0,-2.76,-1103989968.0,-1.8,-593597632.0,-0.97,529212048.0,0.86,1168375568.0,1.9,万和电气,002543
BK0928,抖音小店,2.66,-1716511232.0,-2.6,-441489216.0,-0.67,-1275022016.0,-1.93,-25266736.0,-0.04,1713555392.0,2.59,新 华 都,002264
BK1129,数字水印,6.29,-1727192606.0,-2.82,-638316766.0,-1.04,-1088875840.0,-1.77,-146818064.0,-0.24,1874010624.0,3.05,北信源,300352
BK1152,高带宽内存,9.34,-1771047600.0,-0.52,173680464.0,0.05,-1944728064.0,-0.57,-1376700416.0,-0.4,3118790432.0,0.91,北方华创,002371
BK0807,共享经济,2.37,-1786212045.0,-3.93,-734713261.0,-1.62,-1051498784.0,-2.31,-95032176.0,-0.21,1881244224.0,4.14,博实结,301608
BK0175,内蒙古,3.66,-1807800192.0,-0.84,-1052108352.0,-0.49,-755691840.0,-0.35,505941824.0,0.24,1137859216.0,0.53,内蒙一机,600967
BK0486,文化传媒,8.31,-1821656384.0,-0.47,3319040960.0,0.85,-5140697344.0,-1.32,-2991346944.0,-0.77,4860984064.0,1.25,东方明珠,600637
BK1008,国资云概念,8.11,-1836352368.0,-1.62,-301398256.0,-0.27,-1534954112.0,-1.35,-497444240.0,-0.44,2333796656.0,2.06,易华录,300212
BK0693,基因测序,7.89,-1870734432.0,-1.22,1737473696.0,1.14,-3608208128.0,-2.36,-1766449776.0,-1.15,3602061472.0,2.35,利欧股份,002131
BK0951,刀片电池,0.73,-1876608400.0,-1.45,-566956816.0,-0.44,-1309651584.0,-1.01,-179468176.0,-0.14,2056076528.0,1.58,常铝股份,002160
BK1038,光学光电子,6.94,-1892977488.0,-0.46,2113661616.0,0.51,-4006639104.0,-0.97,-2003555840.0,-0.49,3878481920.0,0.94,京东方Ａ,000725
BK1118,数据确权,9.34,-1911967872.0,-1.53,-512125600.0,-0.41,-1399842272.0,-1.12,-634505600.0,-0.51,2546473696.0,2.04,易华录,300212
BK0632,土地流转,3.05,-1912272048.0,-1.33,258595200.0,0.18,-2170867248.0,-1.51,-775127728.0,-0.54,2687400096.0,1.87,盈新发展,000620
BK0976,被动元件,10.42,-1923563296.0,-0.74,339480800.0,0.13,-2263044096.0,-0.88,-92046592.0,-0.04,2015610624.0,0.78,火炬电子,603678
BK0885,VPN,11.04,-1941378128.0,-1.68,-1169031680.0,-1.01,-772346448.0,-0.67,-227694048.0,-0.2,2169072400.0,1.87,电科网安,002268
BK0698,免疫治疗,4.69,-1955613020.0,-2.98,-671313916.0,-1.02,-1284299104.0,-1.96,-100692016.0,-0.15,2056304960.0,3.13,北陆药业,300016
BK0993,宠物经济,2.09,-1958730780.0,-2.56,-667424172.0,-0.87,-1291306608.0,-1.69,243536944.0,0.32,1663658608.0,2.18,诚益通,300430
BK0974,化妆品概念,3.25,-1998933184.0,-1.7,-1069823904.0,-0.91,-929109280.0,-0.79,717927648.0,0.61,1065311488.0,0.91,华润三九,000999
BK1056,幽门螺杆菌概念,3.19,-2000938995.0,-2.43,-480940435.0,-0.58,-1519998560.0,-1.84,299025376.0,0.36,1701913616.0,2.06,丽珠集团,000513
BK0671,彩票概念,2.39,-2001301344.0,-3.11,-526145776.0,-0.82,-1475155568.0,-2.29,-329473200.0,-0.51,2330774560.0,3.62,君正集团,601216
BK0731,化肥行业,5.05,-2012481792.0,-1.69,-1460899504.0,-1.23,-551582288.0,-0.46,67852384.0,0.06,1944629312.0,1.63,云天化,600096
BK1185,冰雪经济,2.39,-2025688256.0,-1.48,501022960.0,0.37,-2526711216.0,-1.85,-853799584.0,-0.63,2879487984.0,2.11,雪人集团,002639
BK0909,降解塑料,6.74,-2027514912.0,-1.08,847850144.0,0.45,-2875365056.0,-1.54,-1297611776.0,-0.69,3319206656.0,1.78,格林美,002340
BK0458,仪器仪表,5.72,-2032066256.0,-1.51,-703447312.0,-0.52,-1328618944.0,-0.99,-155417792.0,-0.12,1870074464.0,1.39,众辰科技,603275
BK0847,影视概念,7.1,-2035394432.0,-1.14,631656672.0,0.35,-2667051104.0,-1.5,-1651555040.0,-0.93,3734930016.0,2.1,东方明珠,600637
BK1180,华为海思,7.88,-2039314160.0,-0.76,77916432.0,0.03,-2117230592.0,-0.79,-2744163840.0,-1.03,4621438464.0,1.73,北方华创,002371
BK0492,煤化工,5.4,-2072105936.0,-0.63,74243632.0,0.02,-2146349568.0,-0.65,-1252097536.0,-0.38,3322597632.0,1.01,神火股份,000933
BK1076,建筑节能,5.33,-2085611184.0,-2.35,-657876832.0,-0.74,-1427734352.0,-1.61,-71246000.0,-0.08,2159117168.0,2.43,中衡设计,603017
BK0912,远程办公,9.62,-2094479584.0,-1.06,608417344.0,0.31,-2702896928.0,-1.37,-394493376.0,-0.2,2488973328.0,1.26,久其软件,002279
BK0420,航空机场,1.63,-2147092384.0,-2.96,-863291904.0,-1.19,-1283800480.0,-1.77,210523728.0,0.29,1936568640.0,2.67,南方航空,600029
BK1177,荣耀概念,6.77,-2151102048.0,-0.68,430678432.0,0.14,-2581780480.0,-0.82,-2821925376.0,-0.89,4973027584.0,1.58,京东方Ａ,000725
BK0703,超级电容,4.8,-2156350736.0,-1.26,-713393136.0,-0.42,-1442957600.0,-0.84,167474992.0,0.1,1988874912.0,1.16,深科技,000021
BK1072,中俄贸易概念,4.84,-2195036224.0,-0.85,1527530432.0,0.59,-3722566656.0,-1.45,-1575294720.0,-0.61,3635358208.0,1.41,通宇通讯,002792
BK1131,同步磁阻电机,14.22,-2211767360.0,-2.22,-680073216.0,-0.68,-1531694144.0,-1.54,-226696272.0,-0.23,2438463504.0,2.45,孚日股份,002083
BK0862,超级真菌,2.85,-2251951842.0,-4.2,-1351877970.0,-2.52,-900073872.0,-1.68,536923680.0,1.0,1715028176.0,3.2,联环药业,600513
BK0998,机器视觉,9.34,-2257156992.0,-0.76,701420928.0,0.24,-2958577920.0,-1.0,-1706820864.0,-0.58,3906983424.0,1.32,先导智能,300450
BK1040,中药,-0.05,-2297217488.0,-2.62,-1441984864.0,-1.64,-855232624.0,-0.97,251819856.0,0.29,2028568640.0,2.31,华润三九,000999
BK0958,虚拟电厂,6.3,-2328476528.0,-1.52,-778964448.0,-0.51,-1549512080.0,-1.01,-647940912.0,-0.42,2974280144.0,1.95,中恒电气,002364
BK1125,电子后视镜,5.58,-2330443600.0,-2.75,-837334528.0,-0.99,-1493109072.0,-1.76,-588782464.0,-0.7,2919225984.0,3.45,路畅科技,002813
BK0889,医疗美容,4.38,-2333122784.0,-1.1,383788176.0,0.18,-2716910960.0,-1.28,-1124577024.0,-0.53,3277302112.0,1.55,京东方Ａ,000725
BK0485,旅游酒店,1.49,-2397660448.0,-1.83,-2195258448.0,-1.68,-202402000.0,-0.15,341892112.0,0.26,2055768016.0,1.57,C陕旅,603402
BK0875,ETC,7.91,-2411922560.0,-1.44,550964832.0,0.33,-2962887392.0,-1.77,-1760853248.0,-1.05,4123581696.0,2.47,航天信息,600271
BK0882,猪肉概念,0.63,-2425036144.0,-2.9,-966096096.0,-1.16,-1458940048.0,-1.75,352141712.0,0.42,2070756752.0,2.48,天康生物,002100
BK0450,航运港口,-0.73,-2447615696.0,-2.96,-1359491488.0,-1.64,-1088124208.0,-1.31,409096832.0,0.49,1905304992.0,2.3,招商南油,601975
BK1093,汽车一体化压铸,5.2,-2447950432.0,-2.55,-1271587968.0,-1.32,-1176362464.0,-1.22,-322655056.0,-0.34,2770605488.0,2.88,多利科技,001311
BK1042,医药商业,1.75,-2459441600.0,-2.44,-346053408.0,-0.34,-2113388192.0,-2.09,-1128571936.0,-1.12,3588013552.0,3.55,塞力医疗,603716
BK0932,尾气治理,5.58,-2479961536.0,-1.38,71084704.0,0.04,-2551046240.0,-1.42,-1477463168.0,-0.82,3943931952.0,2.19,格林美,002340
BK0933,退税商店,-2.2,-2482800576.0,-3.59,-1256037984.0,-1.82,-1226762592.0,-1.78,50685296.0,0.07,2432115232.0,3.52,茂业商业,600828
BK1048,IGBT概念,7.01,-2500167696.0,-0.82,1418241520.0,0.46,-3918409216.0,-1.28,-3396397568.0,-1.11,5849297920.0,1.91,利欧股份,002131
BK0997,NFT概念,8.09,-2531583360.0,-0.82,1042306544.0,0.34,-3573889904.0,-1.16,-2007683328.0,-0.65,4539266240.0,1.47,三人行,605168
BK0980,化债(AMC)概念,4.16,-2532967472.0,-1.19,-90807984.0,-0.04,-2442159488.0,-1.15,-1058656256.0,-0.5,3580824064.0,1.69,上海电气,601727
BK0977,碳化硅,8.49,-2533405728.0,-0.9,-937649184.0,-0.33,-1595756544.0,-0.57,-621695744.0,-0.22,3267702528.0,1.17,三安光电,600703
BK1022,职业教育,6.35,-2554613952.0,-0.98,606602800.0,0.23,-3161216752.0,-1.22,-1091548416.0,-0.42,3644865536.0,1.41,久其软件,002279
BK1146,减肥药,4.64,-2565738848.0,-2.6,-1270385488.0,-1.29,-1295353360.0,-1.31,144364912.0,0.15,2385920144.0,2.42,丽珠集团,000513
BK0152,甘肃板块,4.09,-2628461328.0,-1.96,242312800.0,0.18,-2870774128.0,-2.14,-581686672.0,-0.43,3210147712.0,2.39,兰石重装,603169
BK0898,胎压监测,6.36,-2727683760.0,-1.96,-1065589872.0,-0.77,-1662093888.0,-1.2,-835028832.0,-0.6,3562712864.0,2.56,康斯特,300445
BK0148,吉林板块,2.83,-2736610224.0,-2.61,-754552144.0,-0.72,-1982058080.0,-1.89,-118280576.0,-0.11,2888119344.0,2.76,利源股份,002501
BK0924,地摊经济,-0.08,-2737383056.0,-2.64,-1870196416.0,-1.8,-867186640.0,-0.84,75980256.0,0.07,2661402832.0,2.56,茂业商业,600828
BK0167,山西板块,2.84,-2772635840.0,-2.52,-1665999424.0,-1.51,-1106636416.0,-1.01,-187757760.0,-0.17,2737628688.0,2.49,山西焦煤,000983
BK0677,粤港自贸,3.52,-2820038000.0,-1.54,-846826320.0,-0.46,-1973211680.0,-1.08,640875520.0,0.35,2169673984.0,1.19,蕾奥规划,300989
BK1046,游戏,6.77,-2825880096.0,-2.0,-1173470288.0,-0.83,-1652409808.0,-1.17,145142464.0,0.1,2680737792.0,1.89,恺英网络,002517
BK0727,医疗服务,9.61,-2850157952.0,-1.79,-395542912.0,-0.25,-2454615040.0,-1.54,-679860432.0,-0.43,3530018736.0,2.22,创新医疗,002173
BK0986,CAR-T细胞疗法,4.39,-2856810688.0,-3.22,-1531782496.0,-1.73,-1325028192.0,-1.49,388993344.0,0.44,2462334544.0,2.78,益诺思,688710
BK1163,可控核聚变,13.97,-2954011392.0,-0.4,4970480896.0,0.68,-7924492288.0,-1.08,-4619195648.0,-0.63,8028191744.0,1.1,航天晨光,600501
BK0809,AI智能体,11.21,-2972123232.0,-0.43,7762599072.0,1.14,-10734722304.0,-1.57,-7136279808.0,-1.04,10165552384.0,1.49,岩山科技,002195
BK0841,体外诊断,4.86,-2989009120.0,-2.15,-1002504352.0,-0.72,-1986504768.0,-1.43,-1229487680.0,-0.88,4163091088.0,2.99,塞力医疗,603716
BK1121,第四代半导体,15.71,-2989918320.0,-3.96,-1157503728.0,-1.53,-1832414592.0,-2.43,525158432.0,0.7,2464760032.0,3.26,蓝晓科技,300487
BK1000,宁组合,6.28,-3017565184.0,-0.53,-1108680448.0,-0.19,-1908884736.0,-0.34,-4265010944.0,-0.75,7282576896.0,1.28,北方华创,002371
BK1175,玻璃基板,6.3,-3043228576.0,-1.24,-891542432.0,-0.36,-2151686144.0,-0.88,-407585536.0,-0.17,3421856768.0,1.39,京东方Ａ,000725
BK1012,PVDF概念,4.71,-3106691152.0,-2.33,-1918455168.0,-1.44,-1188235984.0,-0.89,-375218624.0,-0.28,3481909648.0,2.61,深圳新星,603978
BK0692,旅游概念,5.06,-3114933568.0,-1.65,-128311072.0,-0.07,-2986622496.0,-1.59,-2299169024.0,-1.22,5414103040.0,2.87,C陕旅,603402
BK1044,生物制品,5.44,-3115475808.0,-2.68,-1507069296.0,-1.3,-1608406512.0,-1.39,647063904.0,0.56,2205754560.0,1.9,必贝特-U,688759
BK0838,东北振兴,2.62,-3202936288.0,-1.89,-931703488.0,-0.55,-2271232800.0,-1.34,-525077744.0,-0.31,3728013792.0,2.2,航天科技,000901
BK1101,Chiplet概念,8.21,-3229604288.0,-0.91,-500734912.0,-0.14,-2728869376.0,-0.77,-669810688.0,-0.19,3899414016.0,1.09,寒武纪-U,688256
BK1171,碳纤维,13.51,-3243765744.0,-1.37,-621025376.0,-0.26,-2622740368.0,-1.11,-1154837792.0,-0.49,4454085248.0,1.88,光威复材,300699
BK0953,鸿蒙概念,8.08,-3255754112.0,-0.51,5230606976.0,0.82,-8486361088.0,-1.32,-5682146560.0,-0.89,9067089920.0,1.41,岩山科技,002195
BK0896,白酒,0.73,-3280050704.0,-1.96,-815538752.0,-0.49,-2464511952.0,-1.47,655674624.0,0.39,2624376432.0,1.57,巨力索具,002342
BK0843,天然气,5.01,-3298055632.0,-0.81,822723376.0,0.2,-4120779008.0,-1.01,-1835577856.0,-0.45,5097360640.0,1.25,中国海油,600938
BK0966,碳交易,6.02,-3308841824.0,-0.79,522058144.0,0.12,-3830899968.0,-0.91,-2954721024.0,-0.7,6260191744.0,1.49,中恒电气,002364
BK1030,电机,7.59,-3311336944.0,-2.1,-1243367072.0,-0.79,-2067969872.0,-1.31,-324317632.0,-0.21,3540755424.0,2.24,湘电股份,600416
BK1110,Web3.0,11.4,-3321389824.0,-0.93,1149267712.0,0.32,-4470657536.0,-1.26,-2223214592.0,-0.63,5544605440.0,1.56,三人行,605168
BK0888,农业种植,2.22,-3372493360.0,-2.03,-1623875248.0,-0.98,-1748618112.0,-1.05,216042384.0,0.13,2913641216.0,1.76,粤桂股份,000833
BK1183,谷子经济,5.69,-3387327120.0,-1.72,-677645776.0,-0.34,-2709681344.0,-1.38,-648820992.0,-0.33,4227021296.0,2.15,苏大维格,300331
BK0597,水利建设,7.89,-3402196992.0,-0.64,6386625024.0,1.2,-9788822016.0,-1.84,-5734191872.0,-1.08,9128067584.0,1.71,华建集团,600629
BK0509,网络游戏,8.72,-3473683440.0,-0.88,3125692176.0,0.79,-6599375616.0,-1.67,-3763149824.0,-0.95,7236832512.0,1.83,岩山科技,002195
BK0545,通用设备,9.57,-3541048576.0,-0.46,4882764544.0,0.63,-8423813120.0,-1.09,-5150578944.0,-0.67,8760506368.0,1.13,巨力索具,002342
BK0926,湖北自贸,6.55,-3577603952.0,-1.56,510932368.0,0.22,-4088536320.0,-1.78,-520467200.0,-0.23,4098071392.0,1.78,烽火通信,600498
BK0975,磁悬浮概念,7.06,-3593330784.0,-1.95,-351354832.0,-0.19,-3241975952.0,-1.76,-843371760.0,-0.46,4436702048.0,2.41,永鼎股份,600105
BK0981,工业气体,11.95,-3611572672.0,-1.9,-1206406992.0,-0.63,-2405165680.0,-1.27,-740976272.0,-0.39,4336562128.0,2.28,九丰能源,605090
BK1055,虚拟数字人,10.67,-3612183248.0,-0.62,4634409264.0,0.8,-8246592512.0,-1.43,-4414006016.0,-0.76,8026189312.0,1.39,汉得信息,300170
BK0556,移动支付,7.75,-3612997840.0,-0.88,1889333808.0,0.46,-5502331648.0,-1.34,-2799418368.0,-0.68,6412415744.0,1.56,航天信息,600271
BK0923,抖音概念(字节概念),9.76,-3621686000.0,-0.53,6442904080.0,0.93,-10064590080.0,-1.46,-5724051968.0,-0.83,9339273472.0,1.36,岩山科技,002195
BK0849,京东金融,2.56,-3626037104.0,-3.45,-919091728.0,-0.87,-2706945376.0,-2.57,-415170272.0,-0.39,4041207360.0,3.84,神州信息,000555
BK0913,消毒剂,4.18,-3644440768.0,-2.3,-1086000656.0,-0.69,-2558440112.0,-1.62,174719104.0,0.11,3469721072.0,2.19,鲁西化工,000830
BK0868,GDR,5.18,-3646349168.0,-2.39,-1266869200.0,-0.83,-2379479968.0,-1.56,-154628592.0,-0.1,3800977856.0,2.49,格林美,002340
BK1087,超超临界发电,3.47,-3655188512.0,-1.71,-1533833536.0,-0.72,-2121354976.0,-0.99,-540485376.0,-0.25,4195673856.0,1.96,上海电气,601727
BK0939,辅助生殖,3.93,-3710175920.0,-3.0,-1533823840.0,-1.24,-2176352080.0,-1.76,-231883376.0,-0.19,3942059328.0,3.18,丽珠集团,000513
BK1029,汽车整车,0.33,-3726307328.0,-2.12,-2377660272.0,-1.35,-1348647056.0,-0.77,-626434880.0,-0.36,4352742400.0,2.47,金龙汽车,600686
BK1004,工业母机,10.12,-3731377760.0,-0.85,228112288.0,0.05,-3959490048.0,-0.9,-2213019136.0,-0.5,5930289664.0,1.35,中航高科,600862
BK1020,非金属材料,8.91,-3866137824.0,-1.71,-893875456.0,-0.4,-2972262368.0,-1.32,-501790720.0,-0.22,4234442496.0,1.88,C新广益,301687
BK1149,星闪概念,8.0,-3881468304.0,-2.03,-954625440.0,-0.5,-2926842864.0,-1.53,-818981888.0,-0.43,4626762464.0,2.42,电科芯片,600877
BK0474,保险,7.49,-3902149888.0,-3.24,-4907515744.0,-4.07,1005365856.0,0.83,1977643440.0,1.64,1924506656.0,1.6,中国人保,601319
BK1135,数据要素,9.42,-3926179072.0,-0.56,5569558528.0,0.79,-9495737600.0,-1.35,-6933854208.0,-0.99,10925755648.0,1.55,海兰信,300065
BK0548,生物疫苗,2.99,-3932378512.0,-2.71,-1986618672.0,-1.37,-1945759840.0,-1.34,-29186768.0,-0.02,3917951440.0,2.7,塞力医疗,603716
BK0667,国家安防,9.88,-3933620560.0,-0.74,-61336400.0,-0.01,-3872284160.0,-0.73,-3243683072.0,-0.61,7253266176.0,1.37,航天晨光,600501
BK0883,数字货币,8.2,-3934703632.0,-0.8,1834319088.0,0.37,-5769022720.0,-1.18,-3094710272.0,-0.63,6947108096.0,1.42,航天信息,600271
BK1032,风电设备,10.13,-3944015088.0,-1.79,38284736.0,0.02,-3982299824.0,-1.81,-111908160.0,-0.05,4055923056.0,1.84,泰胜风能,300129
BK0438,食品饮料,-0.61,-4016728400.0,-2.17,-2355417200.0,-1.27,-1661311200.0,-0.9,53967616.0,0.03,3436481536.0,1.86,养元饮品,603156
BK1181,并购重组概念,7.24,-4018616064.0,-0.86,1011148800.0,0.22,-5029764864.0,-1.08,-2290461184.0,-0.49,6261593088.0,1.35,海兰信,300065
BK0946,EDA概念,6.65,-4018986352.0,-4.08,-2424301904.0,-2.46,-1594684448.0,-1.62,854096944.0,0.87,3164889440.0,3.21,广立微,301095
BK0961,有机硅,6.16,-4042158992.0,-2.38,-2436995568.0,-1.43,-1605163424.0,-0.94,811096560.0,0.48,3174716976.0,1.87,兴福电子,688545
BK1031,光伏设备,10.76,-4055327488.0,-0.73,584954880.0,0.11,-4640282368.0,-0.84,-2181314048.0,-0.39,6177630464.0,1.12,钧达股份,002865
BK1156,PEEK材料概念,11.5,-4076728256.0,-1.4,-2007565504.0,-0.69,-2069162752.0,-0.71,-682196480.0,-0.23,4724710912.0,1.62,超捷股份,301005
BK0477,酿酒行业,-0.65,-4080704720.0,-3.26,-1728698192.0,-1.38,-2352006528.0,-1.88,1276487504.0,1.02,2804217440.0,2.24,水井坊,600779
BK1108,科创板做市股,7.81,-4085155952.0,-1.49,-3560321904.0,-1.3,-524834048.0,-0.19,1813320192.0,0.66,2271836016.0,0.83,杭可科技,688006
BK1078,肝炎概念,2.82,-4100549504.0,-3.4,-2119359024.0,-1.76,-1981190480.0,-1.64,357249792.0,0.3,3743299600.0,3.1,万邦德,002082
BK1025,预制菜概念,-0.53,-4103314608.0,-2.94,-931770960.0,-0.67,-3171543648.0,-2.27,-528679216.0,-0.38,4536167840.0,3.25,好当家,600467
BK0994,空间站概念,23.92,-4153263616.0,-0.82,2685755648.0,0.53,-6839019264.0,-1.35,-3041642496.0,-0.6,7194905344.0,1.42,航天科技,000901
BK0592,铁路基建,5.14,-4154201552.0,-1.14,-1238408400.0,-0.34,-2915793152.0,-0.8,-1487911168.0,-0.41,5620190208.0,1.54,内蒙一机,600967
BK1010,磷化工,5.24,-4155111072.0,-1.38,-2234441120.0,-0.74,-1920669952.0,-0.64,-125648896.0,-0.04,4102650624.0,1.37,湖南裕能,301358
BK0859,超清视频,8.53,-4252726272.0,-0.62,1954808064.0,0.28,-6207534336.0,-0.9,-5265603840.0,-0.77,9566309120.0,1.39,京东方Ａ,000725
BK0170,重庆板块,3.07,-4257143408.0,-2.11,-1691451472.0,-0.84,-2565691936.0,-1.27,-365824768.0,-0.18,4537753600.0,2.25,电科芯片,600877
BK0806,精准医疗,6.63,-4270853456.0,-3.15,-1008632832.0,-0.74,-3262220624.0,-2.41,-751310304.0,-0.55,5022163392.0,3.7,塞力医疗,603716
BK0580,LED,7.6,-4341089792.0,-0.78,1238373632.0,0.22,-5579463424.0,-1.0,-2065286400.0,-0.37,6395115264.0,1.14,京东方Ａ,000725
BK0965,社区团购,-1.72,-4372136448.0,-3.55,-1111012048.0,-0.9,-3261124400.0,-2.65,-827171392.0,-0.67,5199307696.0,4.22,水井坊,600779
BK0664,婴童概念,3.48,-4441445008.0,-1.51,-310118800.0,-0.11,-4131326208.0,-1.4,-1149946880.0,-0.39,5563169536.0,1.89,创新医疗,002173
BK0732,贵金属,0.39,-4475101360.0,-3.5,-3232766544.0,-2.53,-1242334816.0,-0.97,919335904.0,0.72,3555765488.0,2.78,湖南白银,002716
BK0925,北交所概念,4.36,-4485750096.0,-3.27,-1777303200.0,-1.3,-2708446896.0,-1.98,318255008.0,0.23,4167494928.0,3.04,中核科技,000777
BK0735,计算机设备,11.45,-4556483936.0,-1.31,-2188195168.0,-0.63,-2368288768.0,-0.68,-321113600.0,-0.09,4893943296.0,1.41,航天智装,300455
BK0511,ST股,5.1,-4586552976.0,-3.97,-2414038416.0,-2.09,-2172514560.0,-1.88,1476025392.0,1.28,3086526448.0,2.67,*ST汇科,300561
BK0166,天津板块,4.18,-4588702672.0,-1.85,-3641899984.0,-1.46,-946802688.0,-0.38,1028833792.0,0.41,3499128576.0,1.41,百利电气,600468
BK1164,AIPC,8.21,-4604903936.0,-0.83,1402096384.0,0.25,-6007000320.0,-1.09,-4436874240.0,-0.8,8931900672.0,1.62,岩山科技,002195
BK0940,网红经济,5.59,-4618255648.0,-0.74,3826093536.0,0.61,-8444349184.0,-1.35,-3897509632.0,-0.62,8487543040.0,1.36,东方明珠,600637
BK0870,单抗概念,3.35,-4676264608.0,-3.58,-2697472272.0,-2.06,-1978792336.0,-1.51,1031889008.0,0.79,3644375392.0,2.79,丽珠集团,000513
BK0512,化工原料,5.25,-4739161584.0,-1.36,-1697364720.0,-0.49,-3041796864.0,-0.87,535549952.0,0.15,4203611136.0,1.21,双欣环保,001369
BK0728,环保行业,4.65,-4777158432.0,-2.74,-1894012784.0,-1.09,-2883145648.0,-1.65,277755616.0,0.16,4469259488.0,2.56,东珠生态,603359
BK0873,垃圾分类,4.76,-4796074176.0,-1.83,-207559584.0,-0.08,-4588514592.0,-1.75,-2441483008.0,-0.93,7223604992.0,2.76,航天晨光,600501
BK0546,玻璃玻纤,8.15,-4796126272.0,-2.91,-1798525488.0,-1.09,-2997600784.0,-1.82,-493896128.0,-0.3,5459089776.0,3.31,凯德石英,920179
BK0601,海工装备,9.78,-4875358720.0,-0.81,1770790144.0,0.29,-6646148864.0,-1.1,-4192324608.0,-0.7,9458186240.0,1.57,海兰信,300065
BK1162,AI手机,6.6,-4881524736.0,-1.49,-2063568640.0,-0.63,-2817956096.0,-0.86,-1851127808.0,-0.57,6732652544.0,2.06,每日互动,300766
BK1111,AIGC概念,10.46,-4881715456.0,-0.52,6304149760.0,0.68,-11185865216.0,-1.2,-7951629056.0,-0.85,12747978752.0,1.37,岩山科技,002195
BK0937,蚂蚁概念,6.12,-4974176112.0,-1.09,-932610928.0,-0.21,-4041565184.0,-0.89,-3141559296.0,-0.69,8115735296.0,1.78,航天信息,600271
BK1130,时空大数据,14.63,-4998353392.0,-1.71,-858567664.0,-0.29,-4139785728.0,-1.41,299762176.0,0.1,4728478976.0,1.61,华胜天成,600410
BK1127,AI芯片,11.38,-5031214848.0,-0.96,1296427008.0,0.25,-6327641856.0,-1.21,581512192.0,0.11,4449150976.0,0.85,岩山科技,002195
BK0604,参股保险,4.08,-5039464544.0,-1.21,411714208.0,0.1,-5451178752.0,-1.31,-2348433152.0,-0.57,7387897344.0,1.78,乐凯胶片,600135
BK1071,跨境支付,6.15,-5042976832.0,-1.07,-1811129920.0,-0.39,-3231846912.0,-0.69,-981550080.0,-0.21,5942221312.0,1.26,兴业银行,601166
BK0161,辽宁板块,3.76,-5072022960.0,-2.43,-2751209808.0,-1.32,-2320813152.0,-1.11,1615345920.0,0.77,3446953984.0,1.65,神工股份,688233
BK0969,汽车芯片,11.61,-5083464960.0,-0.81,35360512.0,0.01,-5118825472.0,-0.81,-3752962304.0,-0.6,8806499072.0,1.4,电科网安,002268
BK1015,能源金属,5.68,-5215273152.0,-1.75,-2384077248.0,-0.8,-2831195904.0,-0.95,-7175424.0,0.0,5222449152.0,1.76,格林美,002340
BK0422,物流行业,2.09,-5273910544.0,-5.04,-3772178704.0,-3.61,-1501731840.0,-1.44,1039241440.0,0.99,4216133712.0,4.03,顺丰控股,002352
BK0428,电力行业,0.8,-5318689520.0,-2.59,-2588106176.0,-1.26,-2730583344.0,-1.33,1147135232.0,0.56,4171553536.0,2.03,上海电力,600021
BK0834,乡村振兴,3.16,-5410093024.0,-1.76,-2471932384.0,-0.8,-2938160640.0,-0.96,30800640.0,0.01,5243005184.0,1.71,蕾奥规划,300989
BK0534,成渝特区,4.96,-5436729168.0,-1.57,-2080977744.0,-0.6,-3355751424.0,-0.97,-657307136.0,-0.19,6094036224.0,1.76,新金路,000510
BK0675,病毒防治,4.2,-5498749440.0,-2.32,-2287021552.0,-0.97,-3211727888.0,-1.36,-396188672.0,-0.17,5714540544.0,2.41,爱朋医疗,300753
BK1160,柔性屏(折叠屏),9.84,-5520814848.0,-0.86,827164928.0,0.13,-6347979776.0,-0.98,-2833633280.0,-0.44,8354448640.0,1.3,京东方Ａ,000725
BK0623,海洋经济,10.0,-5532402176.0,-0.82,1954835200.0,0.29,-7487237376.0,-1.11,-3597021696.0,-0.53,8947180032.0,1.32,巨力索具,002342
BK0710,量子科技,13.0,-5590589184.0,-0.78,1936737792.0,0.27,-7527326976.0,-1.06,-3221696256.0,-0.45,8939200768.0,1.25,电科网安,002268
BK0813,雄安新区,5.87,-5605560272.0,-1.11,-1838196688.0,-0.36,-3767363584.0,-0.74,-1423374336.0,-0.28,7018134528.0,1.39,巨力索具,002342
BK0433,农牧饲渔,1.21,-5618751360.0,-2.42,-2211050368.0,-0.95,-3407700992.0,-1.47,-26021632.0,-0.01,5527972096.0,2.38,天马科技,603668
BK0971,注册制次新股,5.26,-5654825616.0,-2.22,-1784094608.0,-0.7,-3870731008.0,-1.52,1922448640.0,0.75,3732377232.0,1.46,强一股份,688809
BK0801,增强现实,7.42,-5668296352.0,-1.95,-2383354784.0,-0.82,-3284941568.0,-1.13,-460832000.0,-0.16,6111078144.0,2.1,苏大维格,300331
BK1144,高压快充,5.87,-5699952016.0,-2.15,-1792963216.0,-0.68,-3906988800.0,-1.48,-458370304.0,-0.17,6158322688.0,2.33,银河电子,002519
BK0454,塑料制品,8.15,-5758890912.0,-2.09,-1752880544.0,-0.64,-4006010368.0,-1.45,-549053696.0,-0.2,6100792320.0,2.21,乐凯胶片,600135
BK0456,家电行业,3.42,-5783079472.0,-1.63,-2141075760.0,-0.6,-3642003712.0,-1.02,-824593664.0,-0.23,6567962880.0,1.85,兆驰股份,002429
BK1112,破净股,2.6,-5783989760.0,-0.82,-4097826816.0,-0.58,-1686162944.0,-0.24,-22667264.0,0.0,5771797248.0,0.82,兴业银行,601166
BK1047,数据安全,10.31,-5803751680.0,-1.17,1807937024.0,0.36,-7611688704.0,-1.53,-4763344384.0,-0.96,10547467264.0,2.12,电科网安,002268
BK1077,统一大市场,0.87,-5823976672.0,-4.26,-2826933728.0,-2.07,-2997042944.0,-2.19,-90716384.0,-0.07,5762944208.0,4.21,天顺股份,002800
BK1107,科创板做市商,1.87,-5864731296.0,-3.43,-6348280576.0,-3.71,483549280.0,0.28,1957799008.0,1.15,3906931952.0,2.29,国信证券,002736
BK0524,参股期货,4.68,-5927831968.0,-1.7,-4008078496.0,-1.15,-1919753472.0,-0.55,-83488512.0,-0.02,6011322112.0,1.72,高新发展,000628
BK0901,3D摄像头,4.97,-5987359568.0,-4.5,-2262364800.0,-1.7,-3724994768.0,-2.8,520218064.0,0.39,5467141488.0,4.11,中光学,002189
BK0158,湖南板块,6.11,-6005287408.0,-1.16,-350598128.0,-0.07,-5654689280.0,-1.09,-1212647424.0,-0.23,6966117120.0,1.35,湖南裕能,301358
BK1174,合成生物,5.2,-6132384560.0,-2.01,-2284785456.0,-0.75,-3847599104.0,-1.26,-517531392.0,-0.17,6439464448.0,2.11,诚益通,300430
BK1150,新型工业化,10.39,-6222448128.0,-1.09,-518345728.0,-0.09,-5704102400.0,-1.0,-2746531584.0,-0.48,8973121536.0,1.58,先导智能,300450
BK1141,混合现实,11.85,-6254348288.0,-1.44,437977856.0,0.1,-6692326144.0,-1.55,-1016517376.0,-0.23,7270865664.0,1.68,京东方Ａ,000725
BK0906,流感,2.67,-6287181104.0,-2.83,-2789499392.0,-1.25,-3497681712.0,-1.57,10829056.0,0.0,6276352000.0,2.82,爱朋医疗,300753
BK0160,江西板块,6.73,-6317192400.0,-1.71,-1587189968.0,-0.43,-4730002432.0,-1.28,-825076736.0,-0.22,7095444480.0,1.92,洪都航空,600316
BK1189,腾讯云,8.46,-6322888704.0,-3.21,-3233579536.0,-1.64,-3089309168.0,-1.57,748308736.0,0.38,5574578944.0,2.83,易点天下,301171
BK0916,氮化镓,8.35,-6332504048.0,-1.45,-1646077936.0,-0.38,-4686426112.0,-1.07,-2486349312.0,-0.57,8818853120.0,2.02,北方华创,002371
BK0501,次新股,4.62,-6334302432.0,-2.23,-1928501216.0,-0.68,-4405801216.0,-1.55,1384785152.0,0.49,3665548944.0,1.29,强一股份,688809
BK1100,减速器,11.66,-6343707952.0,-1.16,-95869232.0,-0.02,-6247838720.0,-1.15,-3659886336.0,-0.67,9943301120.0,1.83,富临精工,300432
BK0577,核能核电,8.03,-6515474688.0,-0.64,3711896576.0,0.36,-10227371264.0,-1.0,-5653597696.0,-0.55,12656248064.0,1.24,航天晨光,600501
BK1039,电子化学品,9.74,-6522821424.0,-3.45,-2472439632.0,-1.31,-4050381792.0,-2.14,120964272.0,0.06,6401857312.0,3.39,兴福电子,688545
BK1027,小金属,6.75,-6543931728.0,-1.54,-2918264400.0,-0.69,-3625667328.0,-0.85,-2069312000.0,-0.49,8629097216.0,2.03,云南锗业,002428
BK0811,超级品牌,0.16,-6543964016.0,-2.6,-2973921392.0,-1.18,-3570042624.0,-1.42,2097235456.0,0.83,4446728384.0,1.77,比亚迪,002594
BK0721,PPP模式,4.11,-6558377584.0,-2.05,-1379036016.0,-0.43,-5179341568.0,-1.62,-1998989824.0,-0.62,8557366528.0,2.67,高新发展,000628
BK0600,参股新三板,8.0,-6567687168.0,-1.05,207712512.0,0.03,-6775399680.0,-1.09,-3339619584.0,-0.54,9907306240.0,1.59,中航高科,600862
BK0736,通信服务,6.77,-6572182192.0,-3.2,-1467740096.0,-0.71,-5104442096.0,-2.48,986379568.0,0.48,5585802112.0,2.72,普天科技,002544
BK0662,在线教育,7.04,-6662515296.0,-1.17,1018846112.0,0.18,-7681361408.0,-1.35,-2723279104.0,-0.48,9417863936.0,1.66,东方明珠,600637
BK1196,2025中报扭亏,6.93,-6726631936.0,-0.84,4517581568.0,0.56,-11244213504.0,-1.4,-6580557824.0,-0.82,13311696384.0,1.66,大位科技,600589
BK1157,飞行汽车(eVTOL),10.33,-6749910128.0,-1.39,-1367193712.0,-0.28,-5382716416.0,-1.11,-2283274752.0,-0.47,8911153664.0,1.84,广联航空,300900
BK0861,数字孪生,8.21,-6766229024.0,-2.08,-2905434400.0,-0.89,-3860794624.0,-1.18,-276131840.0,-0.08,7074103552.0,2.17,易华录,300212
BK0845,百度概念,9.98,-6782833408.0,-0.67,4645658624.0,0.46,-11428492032.0,-1.14,-7641035008.0,-0.76,14332308224.0,1.42,岩山科技,002195
BK0737,软件开发,9.55,-6896963840.0,-0.9,992607744.0,0.13,-7889571584.0,-1.03,-3970920704.0,-0.52,10687935744.0,1.39,电科网安,002268
BK1102,空气能热泵,4.36,-6963427712.0,-2.15,-1717756800.0,-0.53,-5245670912.0,-1.62,-1305688832.0,-0.4,8269116672.0,2.56,雪人集团,002639
BK1003,抽水蓄能,4.16,-7145781760.0,-3.1,-1713582736.0,-0.74,-5432199024.0,-2.36,622725120.0,0.27,6525534912.0,2.84,广大特材,688186
BK0481,汽车零部件,7.91,-7332261376.0,-0.8,2761486336.0,0.3,-10093747712.0,-1.11,-7661746944.0,-0.84,14645105152.0,1.6,富临精工,300432
BK0617,石墨烯,6.22,-7474879760.0,-2.25,-1459644176.0,-0.44,-6015235584.0,-1.81,-1682359040.0,-0.51,8980124928.0,2.7,格林美,002340
BK0156,河南板块,4.9,-7754362400.0,-1.66,-2711974944.0,-0.58,-5042387456.0,-1.08,-1341644544.0,-0.29,8830523904.0,1.88,神火股份,000933
BK1145,机器人执行器,14.4,-7819829776.0,-2.01,-2504571408.0,-0.64,-5315258368.0,-1.36,-985127936.0,-0.25,8804959232.0,2.26,丰立智能,301368
BK0478,有色金属,9.78,-7831301376.0,-1.07,-3905719808.0,-0.53,-3925581568.0,-0.53,-1627445760.0,-0.22,9449055744.0,1.29,银邦股份,300337
BK0457,电网设备,6.63,-7881755392.0,-1.52,-93915904.0,-0.02,-7787839488.0,-1.5,-2898151936.0,-0.56,10305323264.0,1.99,百利电气,600468
BK0615,中药概念,0.94,-7941864432.0,-2.82,-4282212320.0,-1.52,-3659652112.0,-1.3,483834880.0,0.17,7431410432.0,2.64,万邦德,002082
BK0860,边缘计算,10.06,-8070935040.0,-0.94,2598106624.0,0.3,-10669041664.0,-1.24,-4876276736.0,-0.57,12968229888.0,1.5,大位科技,600589
BK1197,反内卷概念,4.56,-8177318400.0,-1.11,-3315125248.0,-0.45,-4862193152.0,-0.66,-3752624384.0,-0.51,11927938560.0,1.62,海螺水泥,600585
BK0514,参股券商,5.27,-8178845184.0,-1.28,-4578606848.0,-0.72,-3600238336.0,-0.57,-130174464.0,-0.02,8309019904.0,1.3,华建集团,600629
BK0176,海南板块,-5.39,-8215180192.0,-2.97,-2205754784.0,-0.8,-6009425408.0,-2.17,-1579124736.0,-0.57,9794304768.0,3.54,钧达股份,002865
BK1195,2025中报预减,5.94,-8273335040.0,-1.28,-797893376.0,-0.12,-7475441664.0,-1.16,-2632525056.0,-0.41,10905859840.0,1.69,南兴股份,002757
BK0147,新疆板块,4.17,-8309427424.0,-2.99,-2075395968.0,-0.75,-6234031456.0,-2.24,543897856.0,0.2,7736145920.0,2.78,渤海租赁,000415
BK0842,富士康,8.27,-8339328512.0,-2.27,-3129321984.0,-0.85,-5210006528.0,-1.42,316145152.0,0.09,8023183104.0,2.19,科森科技,603626
BK0696,国产软件,9.37,-8373368576.0,-0.69,5026827520.0,0.42,-13400196096.0,-1.11,-4618931968.0,-0.38,12925238528.0,1.07,岩山科技,002195
BK0823,养老金,6.18,-8500295680.0,-1.16,-2491785984.0,-0.34,-6008509696.0,-0.82,-2044617472.0,-0.28,10544913920.0,1.44,太阳纸业,002078
BK0697,IPO受益,2.52,-8506654000.0,-2.35,-6118791984.0,-1.69,-2387862016.0,-0.66,1598248448.0,0.44,6908405504.0,1.91,中国船舶,600150
BK0145,上海板块,7.68,-8636924928.0,-0.45,9680605184.0,0.51,-18317530112.0,-0.96,-9336155136.0,-0.49,17830762240.0,0.93,岩山科技,002195
BK0465,化学制药,3.45,-8651270896.0,-3.04,-4490171376.0,-1.58,-4161099520.0,-1.46,263740160.0,0.09,8221196800.0,2.89,万邦德,002082
BK0690,氟化工,8.12,-8669167360.0,-1.89,-3684391424.0,-0.8,-4984775936.0,-1.09,-859986688.0,-0.19,9529154048.0,2.08,云天化,600096
BK0578,稀土永磁,8.83,-8763595776.0,-1.71,-1188152064.0,-0.23,-7575443712.0,-1.47,-1212508928.0,-0.24,9966476544.0,1.94,格林美,002340
BK1124,毫米波概念,14.78,-8876282112.0,-1.3,3089111040.0,0.45,-11965393152.0,-1.75,-3269763584.0,-0.48,12298608640.0,1.8,硕贝德,300322
BK1137,存储芯片,14.83,-8918000640.0,-0.77,-1056391680.0,-0.09,-7861608960.0,-0.68,-5514212352.0,-0.48,14401733376.0,1.25,华虹公司,688347
BK0482,商业百货,-2.34,-8946738080.0,-3.56,-3521465344.0,-1.4,-5425272736.0,-2.16,-804840960.0,-0.32,9751579136.0,3.88,茂业商业,600828
BK1155,小米汽车,8.21,-8968335872.0,-1.11,-1703848704.0,-0.21,-7264487168.0,-0.9,-5761476352.0,-0.71,14580418048.0,1.8,超捷股份,301005
BK0960,无线充电,7.04,-9064062720.0,-1.74,-723479808.0,-0.14,-8340582912.0,-1.6,-1689266688.0,-0.32,10753330688.0,2.06,硕贝德,300322
BK0935,中芯概念,11.56,-9077337344.0,-1.24,-3469743104.0,-0.47,-5607594240.0,-0.77,-1805263104.0,-0.25,11012195840.0,1.51,北方华创,002371
BK0927,免税概念,-2.77,-9118223312.0,-3.8,-5144665552.0,-2.15,-3973557760.0,-1.66,1332023808.0,0.56,7786199040.0,3.25,上港集团,600018
BK1064,东数西算,9.16,-9194231216.0,-2.03,-2616796080.0,-0.58,-6577435136.0,-1.45,-795862272.0,-0.18,9959527168.0,2.2,大位科技,600589
BK0865,电子烟,8.34,-9252726784.0,-1.66,-82537472.0,-0.01,-9170189312.0,-1.65,-2196516096.0,-0.39,11441219584.0,2.05,顺灏股份,002565
BK1033,电池,4.33,-9449277952.0,-1.56,-3958259968.0,-0.65,-5491017984.0,-0.9,-2498244864.0,-0.41,11355564288.0,1.87,先导智能,300450
BK0825,新零售,0.14,-9452648432.0,-1.96,-2326429168.0,-0.48,-7126219264.0,-1.48,-1407173376.0,-0.29,10831599616.0,2.25,京东方Ａ,000725
BK0473,证券,2.47,-9521309920.0,-2.76,-8105288672.0,-2.35,-1416021248.0,-0.41,1304989440.0,0.38,8216319232.0,2.38,华林证券,002945
BK0918,特高压,6.87,-9575879424.0,-1.75,-2421117696.0,-0.44,-7154761728.0,-1.31,-1839816960.0,-0.34,11380121088.0,2.08,中恒电气,002364
BK1106,创新药,4.86,-9633976480.0,-2.39,-4981383072.0,-1.24,-4652593408.0,-1.16,1146663168.0,0.28,8373077248.0,2.08,塞力医疗,603716
BK0581,智能电网,7.05,-9761019648.0,-1.28,-279099136.0,-0.04,-9481920512.0,-1.24,-3452257280.0,-0.45,13120002560.0,1.72,航天科技,000901
BK0921,卫星互联网,25.79,-9785297920.0,-0.67,8849167616.0,0.61,-18634465536.0,-1.28,-6453735936.0,-0.44,16227020288.0,1.11,臻镭科技,688270
BK1168,铜缆高速连接,7.23,-9942162432.0,-2.28,-4031091200.0,-0.92,-5911071232.0,-1.36,1694918144.0,0.39,8112579072.0,1.86,华丰科技,688629
BK1198,2025三季报预增,6.96,-9950745600.0,-1.56,-3237280256.0,-0.51,-6713465344.0,-1.06,-2005039360.0,-0.32,11955784704.0,1.88,中国船舶,600150
BK1052,动力电池回收,7.5,-9986957056.0,-1.92,-4126483712.0,-0.79,-5860473344.0,-1.13,-1942364672.0,-0.37,11902988544.0,2.29,湖南裕能,301358
BK1178,AI眼镜,8.5,-10030809088.0,-1.02,1000324864.0,0.1,-11031133952.0,-1.12,-5317777920.0,-0.54,15306750208.0,1.56,TCL科技,000100
BK0689,阿里概念,8.89,-10049098496.0,-0.77,3996198912.0,0.31,-14045297408.0,-1.07,-8796686848.0,-0.67,18830252288.0,1.44,岩山科技,002195
BK0157,湖北板块,5.6,-10118481152.0,-1.34,-18818560.0,0.0,-10099662592.0,-1.34,-2362044416.0,-0.31,12227276032.0,1.62,烽火通信,600498
BK1115,跨境电商,2.47,-10153262640.0,-1.94,-3673124656.0,-0.7,-6480137984.0,-1.24,-645365504.0,-0.12,10500926720.0,2.01,易点天下,301171
BK1061,数字经济,7.96,-10175430912.0,-1.26,229195520.0,0.03,-10404626432.0,-1.29,-5256699392.0,-0.65,15421443584.0,1.91,汉得信息,300170
BK0964,6G概念,20.4,-10260287232.0,-1.5,1328011776.0,0.19,-11588299008.0,-1.69,-1642007808.0,-0.24,12017195776.0,1.75,硕贝德,300322
BK1001,内贸流通,1.05,-10287780416.0,-2.13,-1999733056.0,-0.41,-8288047360.0,-1.72,-2659280384.0,-0.55,12947060736.0,2.69,英唐智控,300131
BK0535,QFII重仓,7.27,-10618327552.0,-0.84,1242182912.0,0.1,-11860510464.0,-0.94,-2193552640.0,-0.17,12811880192.0,1.01,恒立液压,601100
BK0149,安徽板块,6.27,-10623922432.0,-1.26,-2729460736.0,-0.32,-7894461696.0,-0.94,-2212349184.0,-0.26,12891820800.0,1.53,海螺水泥,600585
BK0808,军民融合,16.07,-10653243136.0,-0.5,14542149376.0,0.68,-25195392512.0,-1.19,-15336095488.0,-0.72,25889110528.0,1.22,巨力索具,002342
BK0490,军工,14.1,-10700402176.0,-0.31,25734527744.0,0.74,-36434929920.0,-1.04,-26545270784.0,-0.76,37319143424.0,1.07,臻镭科技,688270
BK0905,传感器,9.23,-10705070336.0,-1.35,499936256.0,0.06,-11205006592.0,-1.42,-3507504128.0,-0.44,14004806912.0,1.77,航天科技,000901
BK0610,央视50_,3.67,-10744950528.0,-1.5,-8566212352.0,-1.19,-2178738176.0,-0.3,2936711680.0,0.41,7808237312.0,1.09,兴业银行,601166
BK1024,绿色电力,2.67,-10929505088.0,-2.23,-2342622528.0,-0.48,-8586882560.0,-1.75,578923264.0,0.12,10319224576.0,2.11,TCL科技,000100
BK0538,化学制品,5.12,-10956387936.0,-2.1,-4894567008.0,-0.94,-6061820928.0,-1.16,133908736.0,0.03,10711243008.0,2.05,光威复材,300699
BK0519,稀缺资源,6.47,-11010725376.0,-1.35,-8077547776.0,-0.99,-2933177600.0,-0.36,-2826603008.0,-0.35,13837327104.0,1.7,神火股份,000933
BK0653,养老概念,6.45,-11048501184.0,-2.41,-4792947648.0,-1.05,-6255553536.0,-1.36,368657408.0,0.08,10679843328.0,2.33,创新医疗,002173
BK0711,券商概念,2.95,-11067968512.0,-2.13,-8306749440.0,-1.6,-2761219072.0,-0.53,1105696512.0,0.21,9962272256.0,1.92,华林证券,002945
BK1126,ChatGPT概念,10.41,-11144736768.0,-1.75,-3653018880.0,-0.57,-7491717888.0,-1.17,-2307076352.0,-0.36,13451812608.0,2.11,三人行,605168
BK1002,激光雷达,6.18,-11231169392.0,-2.9,-5636265840.0,-1.45,-5594903552.0,-1.44,2193325312.0,0.57,9037843712.0,2.33,英唐智控,300131
BK1009,元宇宙概念,9.35,-11308447744.0,-1.26,1361677824.0,0.15,-12670125568.0,-1.41,-4735821824.0,-0.53,16024804608.0,1.79,硕贝德,300322
BK0655,网络安全,9.32,-11587055616.0,-1.21,5905236224.0,0.62,-17492291840.0,-1.83,-6788903168.0,-0.71,18374482432.0,1.92,岩山科技,002195
BK0910,专用设备,8.32,-11628321792.0,-1.42,-1787777792.0,-0.22,-9840544000.0,-1.2,-3532252416.0,-0.43,15227578880.0,1.86,航天晨光,600501
BK0884,光刻机(胶),8.83,-11845475584.0,-1.63,-2555779328.0,-0.35,-9289696256.0,-1.28,-1551482624.0,-0.21,13345522176.0,1.84,北方华创,002371
BK1089,汽车热管理,6.55,-11858625680.0,-2.28,-3723961744.0,-0.72,-8134663936.0,-1.56,-2397353728.0,-0.46,14103108864.0,2.71,银邦股份,300337
BK0984,华为汽车,7.72,-11877105664.0,-1.53,-3191837952.0,-0.41,-8685267712.0,-1.12,-4421796096.0,-0.57,16130840064.0,2.07,富临精工,300432
BK0628,智慧城市,7.58,-12053216768.0,-1.34,242378240.0,0.03,-12295595008.0,-1.36,-3818681856.0,-0.42,15944524800.0,1.77,京东方Ａ,000725
BK0952,第三代半导体,10.03,-12432145664.0,-1.22,119533568.0,0.01,-12551679232.0,-1.24,-6277384448.0,-0.62,18570181632.0,1.83,北方华创,002371
BK0963,商业航天,22.03,-12621375744.0,-0.39,23936211456.0,0.73,-36557587200.0,-1.12,-19048751616.0,-0.58,32248168192.0,0.99,巨力索具,002342
BK0988,钠离子电池,5.4,-12737691648.0,-2.12,-4885042176.0,-0.81,-7852649472.0,-1.3,-2608668928.0,-0.43,15329797888.0,2.55,格林美,002340
BK1173,锂矿概念,4.56,-12771713024.0,-1.93,-7622985216.0,-1.15,-5148727808.0,-0.78,-2833801472.0,-0.43,15605513728.0,2.36,国城矿业,000688
BK0459,电子元件,7.84,-13002059264.0,-1.24,-3812294656.0,-0.36,-9189764608.0,-0.87,-1050068224.0,-0.1,13830914816.0,1.32,景旺电子,603228
BK0493,新能源,6.1,-13254893056.0,-1.18,149824000.0,0.01,-13404717056.0,-1.19,-4931968256.0,-0.44,18112841984.0,1.61,巨力索具,002342
BK0668,医疗器械概念,7.11,-13453190912.0,-1.35,-2802195968.0,-0.28,-10650994944.0,-1.07,-2622359296.0,-0.26,15950310656.0,1.6,银邦股份,300337
BK0641,智能穿戴,8.2,-13624893696.0,-1.18,-2039772416.0,-0.18,-11585121280.0,-1.0,-5178692864.0,-0.45,18845567744.0,1.63,京东方Ａ,000725
BK0837,互联医疗,4.72,-13886219056.0,-3.14,-8642220080.0,-1.96,-5243998976.0,-1.19,2083930368.0,0.47,11879242752.0,2.69,塞力医疗,603716
BK0682,燃料电池,7.37,-13891556096.0,-1.42,-3827323392.0,-0.39,-10064232704.0,-1.03,-4642966016.0,-0.48,18497680640.0,1.89,先导智能,300450
BK1188,DeepSeek概念,9.57,-14144398080.0,-1.2,615951616.0,0.05,-14760349696.0,-1.25,-6088945664.0,-0.51,20219640576.0,1.71,岩山科技,002195
BK0547,黄金概念,3.15,-14209189376.0,-2.16,-9643555328.0,-1.47,-4565634048.0,-0.69,-508047872.0,-0.08,14717236992.0,2.24,国城矿业,000688
BK0629,北斗导航,20.33,-14554337792.0,-1.25,338617600.0,0.03,-14892955392.0,-1.28,-3046918912.0,-0.26,17707539456.0,1.52,北方导航,600435
BK0704,无人机,13.08,-14622121216.0,-0.81,7475322624.0,0.41,-22097443840.0,-1.22,-10767894016.0,-0.59,25443496448.0,1.4,臻镭科技,688270
BK0852,冷链物流,3.0,-14790549248.0,-2.37,-4427045632.0,-0.71,-10363503616.0,-1.66,-2455556608.0,-0.39,17197498880.0,2.76,巨轮智能,002031
BK0169,四川板块,7.65,-15038702336.0,-1.83,-7806935552.0,-0.95,-7231766784.0,-0.88,4663407872.0,0.57,10382841600.0,1.27,融发核电,002366
BK0832,工业互联,9.08,-15074658048.0,-1.2,-408752896.0,-0.03,-14665905152.0,-1.16,-6636636416.0,-0.53,21637944576.0,1.72,TCL科技,000100
BK1036,半导体,10.86,-15912795904.0,-0.89,-4992528640.0,-0.28,-10920267264.0,-0.61,-2868024832.0,-0.16,18750897664.0,1.04,强一股份,688809
BK0840,OLED,8.07,-16420613376.0,-1.46,-2721979136.0,-0.24,-13698634240.0,-1.22,-4162844672.0,-0.37,20565407232.0,1.83,京东方Ａ,000725
BK1193,海南自贸,0.44,-16490376448.0,-2.8,-5904689152.0,-1.0,-10585687296.0,-1.8,-1758736384.0,-0.3,17996092928.0,3.05,钧达股份,002865
BK1088,F5G概念,4.72,-16625115648.0,-3.4,-7473258496.0,-1.53,-9151857152.0,-1.87,9911723776.0,2.03,6713391616.0,1.37,震有科技,688418
BK1104,信创,9.62,-16695797248.0,-1.12,1225250816.0,0.08,-17921048064.0,-1.2,-7409750528.0,-0.5,24012911872.0,1.6,汉得信息,300170
BK0812,贬值受益,4.5,-17306829056.0,-2.34,-11497661184.0,-1.56,-5809167872.0,-0.79,8743560192.0,1.18,8313913600.0,1.13,孚日股份,002083
BK0893,无线耳机,7.4,-17485286144.0,-1.78,-3735229952.0,-0.38,-13750056192.0,-1.4,-3098072064.0,-0.31,20592526848.0,2.09,科森科技,603626
BK0680,智能家居,5.52,-17665812992.0,-2.0,-4989857280.0,-0.57,-12675955712.0,-1.44,-1817639168.0,-0.21,19465466112.0,2.21,英唐智控,300131
BK0999,茅指数,2.22,-17750499072.0,-1.6,-10678815744.0,-0.96,-7071683328.0,-0.64,2097285376.0,0.19,15653213184.0,1.41,北方华创,002371
BK0817,昨日触板,-0.34,-17757236240.0,-3.72,-11374851344.0,-2.38,-6382384896.0,-1.34,2482786304.0,0.52,15224547328.0,3.19,钧达股份,002865
BK1037,消费电子,6.34,-17813910784.0,-2.09,-5749311744.0,-0.67,-12064599040.0,-1.41,-1032747776.0,-0.12,18837766912.0,2.21,科森科技,603626
BK0505,中字头,5.73,-18522035712.0,-2.01,-8769729536.0,-0.95,-9752306176.0,-1.06,1475028224.0,0.16,17025730304.0,1.85,中国船舶,600150
BK0634,大数据,9.06,-18579703552.0,-0.93,8173788672.0,0.41,-26753492224.0,-1.34,-12673629184.0,-0.63,31245400832.0,1.56,岩山科技,002195
BK0594,长江三角,6.12,-18841687552.0,-0.88,5425862144.0,0.25,-24267549696.0,-1.13,-12402510080.0,-0.58,31244198144.0,1.45,岩山科技,002195
BK0833,小米概念,7.72,-18888154112.0,-1.28,-1664093952.0,-0.11,-17224060160.0,-1.17,-6421740800.0,-0.43,25233612544.0,1.71,京东方Ａ,000725
BK0877,PCB,5.86,-18952109568.0,-1.99,-8610240256.0,-0.9,-10341869312.0,-1.09,-452039168.0,-0.05,19306642432.0,2.03,景旺电子,603228
BK0920,车联网(车路云),9.18,-18997246464.0,-1.3,450948864.0,0.03,-19448195328.0,-1.33,-8929486336.0,-0.61,27852193024.0,1.91,航天科技,000901
BK0864,氢能源,7.01,-19203103232.0,-1.39,-2641129216.0,-0.19,-16561974016.0,-1.2,-6085956608.0,-0.44,25215003904.0,1.83,先导智能,300450
BK0637,互联金融,4.6,-19204962304.0,-1.44,-10304765184.0,-0.77,-8900197120.0,-0.67,-2078357248.0,-0.16,21201012736.0,1.59,岩山科技,002195
BK0164,山东板块,5.07,-19594971904.0,-1.99,-8987600384.0,-0.91,-10607371520.0,-1.08,8579772928.0,0.87,10854126592.0,1.1,中航沈飞,600760
BK0588,太阳能,6.78,-19596790272.0,-0.96,578560768.0,0.03,-20175351040.0,-0.99,-8592024320.0,-0.42,28326255872.0,1.39,北方华创,002371
BK1139,中特估,5.32,-20124824832.0,-2.15,-8725079808.0,-0.93,-11399745024.0,-1.22,1727566848.0,0.18,18397256960.0,1.97,中国船舶,600150
BK0567,股权激励,6.84,-20453493760.0,-1.67,-6581535744.0,-0.54,-13871958016.0,-1.14,-3452800512.0,-0.28,23906293760.0,1.96,海兰信,300065
BK0595,风能,6.4,-20507517696.0,-1.56,-6054632960.0,-0.46,-14452884736.0,-1.1,-3324272384.0,-0.25,23638279680.0,1.79,巨力索具,002342
BK1166,低空经济,12.93,-20878587392.0,-0.92,6894877952.0,0.3,-27773465344.0,-1.23,-15418843904.0,-0.68,36360877056.0,1.61,中航机载,600372
BK0525,参股银行,3.13,-21004027648.0,-2.0,-13343983872.0,-1.27,-7660043776.0,-0.73,1227373824.0,0.12,19768230912.0,1.88,TCL科技,000100
BK0666,苹果概念,7.19,-21565589504.0,-1.89,-7889713152.0,-0.69,-13675876352.0,-1.2,-2510620928.0,-0.22,24069537792.0,2.11,京东方Ａ,000725
BK0611,上证50_,3.54,-21825475072.0,-1.65,-20270572544.0,-1.54,-1554902528.0,-0.12,7243508224.0,0.55,14581967872.0,1.11,兴业银行,601166
BK0695,小金属概念,8.78,-21936672000.0,-1.65,-9957818624.0,-0.75,-11978853376.0,-0.9,-4786919424.0,-0.36,26739445248.0,2.01,格林美,002340
BK1161,英伟达概念,8.16,-22025063424.0,-3.1,-11248995072.0,-1.58,-10776068352.0,-1.51,979823104.0,0.14,20783661056.0,2.92,景旺电子,603228
BK0528,转债标的,6.86,-22074189568.0,-1.52,-5498885888.0,-0.38,-16575303680.0,-1.14,-3716466944.0,-0.26,25790657280.0,1.78,兴业银行,601166
BK0835,独角兽,6.26,-22144829952.0,-2.13,-13091460864.0,-1.26,-9053369088.0,-0.87,574041600.0,0.06,21570789120.0,2.07,先导智能,300450
BK0830,区块链,8.1,-22286316800.0,-1.36,-6241082112.0,-0.38,-16045234688.0,-0.98,-5515505920.0,-0.34,27796682496.0,1.7,汉得信息,300170
BK0665,电商概念,3.14,-22801844992.0,-2.26,-9089118976.0,-0.9,-13712726016.0,-1.36,339178240.0,0.03,22280865280.0,2.21,东方明珠,600637
BK0722,虚拟现实,8.59,-23255388160.0,-1.64,-1785431296.0,-0.13,-21469956864.0,-1.51,-5643122432.0,-0.4,28774360320.0,2.03,京东方Ａ,000725
BK0700,充电桩,6.58,-23447576064.0,-1.73,-6682294784.0,-0.49,-16765281280.0,-1.24,-5076378112.0,-0.37,28389273600.0,2.09,银河电子,002519
BK0506,创投,6.62,-23870543872.0,-1.57,-4034514688.0,-0.27,-19836029184.0,-1.3,-4207011840.0,-0.28,28077555456.0,1.85,岩山科技,002195
BK1136,光通信模块,7.61,-24022365440.0,-2.01,-10735572480.0,-0.9,-13286792960.0,-1.11,15664561152.0,1.31,8137476608.0,0.68,烽火通信,600498
BK0968,固态电池,5.85,-25118102528.0,-1.6,-11166920704.0,-0.71,-13951181824.0,-0.89,-2934643968.0,-0.19,27900236800.0,1.78,先导智能,300450
BK0816,昨日连板,29.6,-26009708208.0,-6.93,-17600451856.0,-4.69,-8409256352.0,-2.24,5701858688.0,1.52,20266443312.0,5.4,北方导航,600435
BK1184,人形机器人,10.98,-26236519424.0,-1.53,-7427936000.0,-0.43,-18808583424.0,-1.1,-5135020288.0,-0.3,31129151488.0,1.82,内蒙一机,600967
BK0922,数据中心,7.02,-26372744704.0,-1.65,-4462592000.0,-0.28,-21910152704.0,-1.37,-5736561408.0,-0.36,31719084544.0,1.99,大位科技,600589
BK0644,特斯拉,8.9,-26871512064.0,-1.3,-8222907136.0,-0.4,-18648604928.0,-0.9,-6231421440.0,-0.3,32955812352.0,1.6,景旺电子,603228
BK0494,节能环保,6.19,-27351193088.0,-2.0,-8104740608.0,-0.59,-19246452480.0,-1.41,3091722752.0,0.23,24002622976.0,1.76,航天晨光,600501
BK0159,江苏板块,6.81,-27539858944.0,-1.09,-6008033280.0,-0.24,-21531825664.0,-0.85,-7038232064.0,-0.28,33218289408.0,1.32,强一股份,688809
BK0151,福建板块,3.17,-27617321472.0,-2.06,-5299392512.0,-0.39,-22317928960.0,-1.66,-7698298112.0,-0.57,34954016512.0,2.6,兴业银行,601166
BK0579,云计算,9.06,-29095779072.0,-1.53,-3126571008.0,-0.16,-25969208064.0,-1.36,198287104.0,0.01,28836595712.0,1.51,岩山科技,002195
BK0150,北京板块,8.95,-30299357696.0,-1.07,-2892858624.0,-0.1,-27406499072.0,-0.97,-6841631232.0,-0.24,37062101248.0,1.31,京东方Ａ,000725
BK0705,上证380,6.58,-30771689984.0,-1.31,-7962878464.0,-0.34,-22808811520.0,-0.97,-4235622144.0,-0.18,35007317248.0,1.49,景旺电子,603228
BK0802,无人驾驶,8.34,-31938373632.0,-1.71,-6643873280.0,-0.36,-25294500352.0,-1.36,1479614464.0,0.08,30260885248.0,1.62,岩山科技,002195
BK1051,昨日连板_含一字,40.53,-33677877824.0,-6.73,-20999224384.0,-4.2,-12678653440.0,-2.53,6014141440.0,1.2,27617887792.0,5.52,岩山科技,002195
BK0554,物联网,8.1,-34003866624.0,-1.47,-4148433920.0,-0.18,-29855432704.0,-1.29,-9683315200.0,-0.42,43573664512.0,1.89,京东方Ａ,000725
BK1138,液冷概念,6.29,-34080548864.0,-2.26,-9425604352.0,-0.63,-24654944512.0,-1.64,-3170518528.0,-0.21,37056080384.0,2.46,海兰信,300065
BK0989,储能,6.04,-34093672960.0,-1.39,-8873760256.0,-0.36,-25219912704.0,-1.03,-7837398272.0,-0.32,41428209408.0,1.69,内蒙一机,600967
BK0800,人工智能,9.14,-34315209728.0,-0.91,6832965120.0,0.18,-41148174848.0,-1.09,-21740281856.0,-0.58,56010002432.0,1.49,岩山科技,002195
BK0172,浙江板块,6.1,-34777059328.0,-1.47,-9986318848.0,-0.42,-24790740480.0,-1.05,-6670426880.0,-0.28,41100357888.0,1.74,臻镭科技,688270
BK0718,证金持股,2.92,-36180536832.0,-1.77,-25417536000.0,-1.25,-10763000832.0,-0.53,6669730304.0,0.33,29510804224.0,1.45,兴业银行,601166
BK1128,CPO概念,3.85,-38196604672.0,-3.34,-22008935680.0,-1.92,-16187668992.0,-1.41,20844624896.0,1.82,17030920448.0,1.49,景旺电子,603228
BK0917,半导体概念,9.63,-38258931712.0,-1.01,-6650189824.0,-0.18,-31608741888.0,-0.84,-10305376256.0,-0.27,48602811904.0,1.29,强一股份,688809
BK0590,西部大开发,6.03,-38271485184.0,-1.37,-9814846720.0,-0.35,-28456638464.0,-1.02,-2807283712.0,-0.1,40932424448.0,1.46,内蒙一机,600967
BK0712,一带一路,6.05,-38634245632.0,-1.52,-10990090496.0,-0.43,-27644155136.0,-1.09,-8367774720.0,-0.33,46624118016.0,1.84,华建集团,600629
BK0523,新材料,8.71,-39088619264.0,-1.67,-10200866816.0,-0.44,-28887752448.0,-1.23,-6762723584.0,-0.29,45941097472.0,1.96,银邦股份,300337
BK0448,通信设备,12.33,-39304250112.0,-2.38,-13064711424.0,-0.79,-26239538688.0,-1.59,14849021952.0,0.9,24308549888.0,1.47,北方导航,600435
BK0549,深圳特区,5.88,-40610088448.0,-2.01,-22115901440.0,-1.09,-18494187008.0,-0.91,-78298880.0,0.0,40691093248.0,2.01,景旺电子,603228
BK0499,AH股,4.79,-41793584384.0,-1.91,-27320035328.0,-1.25,-14473549056.0,-0.66,2807093248.0,0.13,38986499584.0,1.78,钧达股份,002865
BK1005,专精特新,8.58,-41936970240.0,-1.07,-10173592064.0,-0.26,-31763378176.0,-0.81,-3204018176.0,-0.08,43246268416.0,1.1,臻镭科技,688270
BK0574,锂电池,6.05,-43312049920.0,-1.57,-13240799488.0,-0.48,-30071250432.0,-1.09,-6876844032.0,-0.25,49642744064.0,1.8,北方华创,002371
BK1134,算力概念,8.43,-44723017728.0,-2.61,-18083391744.0,-1.05,-26639625984.0,-1.55,16597330688.0,0.97,28142148864.0,1.64,顺灏股份,002565
BK0638,创业成份,8.7,-50413046272.0,-2.3,-28824010752.0,-1.31,-21589035520.0,-0.98,15887130624.0,0.72,34525907456.0,1.57,先导智能,300450
BK0891,国产芯片,10.59,-50520963072.0,-1.21,-5749000192.0,-0.14,-44771962880.0,-1.07,-10542788608.0,-0.25,60854677504.0,1.46,京东方Ａ,000725
BK0612,上证180_,3.69,-53401750784.0,-1.94,-41431985664.0,-1.51,-11969765120.0,-0.44,11333187328.0,0.41,42068560128.0,1.53,兴业银行,601166
BK0743,深证100R,3.16,-53490529280.0,-2.34,-26180799488.0,-1.15,-27309729792.0,-1.19,13264722688.0,0.58,40225807360.0,1.76,京东方Ａ,000725
BK0536,基金重仓,8.17,-53592435456.0,-2.2,-27556787200.0,-1.13,-26035648256.0,-1.07,17902045696.0,0.74,35773030912.0,1.47,寒武纪-U,688256
BK1194,2025中报预增,6.18,-58175157760.0,-2.03,-31177615360.0,-1.09,-26997542400.0,-0.94,10318249984.0,0.36,47687689984.0,1.66,巨力索具,002342
BK1090,机器人概念,9.37,-59694202112.0,-1.59,-12186426624.0,-0.33,-47507775488.0,-1.27,-14368915456.0,-0.38,73840214016.0,1.97,岩山科技,002195
BK0701,中证500,7.28,-60046132736.0,-1.35,-8333219328.0,-0.19,-51712913408.0,-1.16,-16898281472.0,-0.38,76944400384.0,1.73,岩山科技,002195
BK0854,华为概念,8.55,-63123640832.0,-1.25,-4580471296.0,-0.09,-58543169536.0,-1.16,-24103202816.0,-0.48,87090851840.0,1.73,岩山科技,002195
BK1059,百元股,8.24,-65373187840.0,-1.97,-33883184896.0,-1.02,-31490002944.0,-0.95,26999255040.0,0.81,37873867008.0,1.14,强一股份,688809
BK0900,新能源车,7.08,-72472380928.0,-1.68,-22560437760.0,-0.52,-49911943168.0,-1.16,-14665728000.0,-0.34,86608048128.0,2.01,银邦股份,300337
BK0153,广东板块,6.34,-72876046592.0,-1.72,-28964190464.0,-0.68,-43911856128.0,-1.03,-5826424832.0,-0.14,77746196480.0,1.83,景旺电子,603228
BK0552,机构重仓,5.92,-74929725952.0,-1.48,-24543187456.0,-0.48,-50386538496.0,-0.99,-3811385344.0,-0.08,78699569152.0,1.55,兴业银行,601166
BK0683,央国企改革,5.1,-80352982272.0,-1.2,-10403349760.0,-0.16,-69949632512.0,-1.05,-25323315200.0,-0.38,105836744704.0,1.59,京东方Ａ,000725
BK0714,5G概念,8.96,-86971088640.0,-2.34,-29729120000.0,-0.8,-57241968640.0,-1.54,13508534272.0,0.36,73583747072.0,1.98,景旺电子,603228
BK0815,昨日涨停,24.01,-88755933952.0,-5.97,-61528204800.0,-4.14,-27227729152.0,-1.83,20736023040.0,1.4,68229988608.0,4.59,北方导航,600435
BK1050,昨日涨停_含一字,28.93,-90580088064.0,-5.72,-60201713408.0,-3.8,-30378374656.0,-1.92,19526617856.0,1.23,71259104000.0,4.5,岩山科技,002195
BK0742,创业板综,7.71,-97649479424.0,-1.57,-35426205440.0,-0.57,-62223273984.0,-1.0,9318465536.0,0.15,88331010048.0,1.42,银邦股份,300337
BK0500,HS300_,3.73,-110149820416.0,-2.08,-69554069504.0,-1.32,-40595750912.0,-0.77,24015790080.0,0.45,86134034432.0,1.63,京东方Ａ,000725
BK0568,深成500,6.35,-114506919936.0,-1.78,-39562244096.0,-0.62,-74944675840.0,-1.17,-1740718080.0,-0.03,116247654400.0,1.81,岩山科技,002195
BK0707,沪股通,6.7,-114971848704.0,-1.33,-47262855168.0,-0.55,-67708993536.0,-0.78,-10290376704.0,-0.12,125262229504.0,1.45,兴业银行,601166
BK0879,标准普尔,4.94,-115879817216.0,-1.42,-34645110784.0,-0.42,-81234706432.0,-1.0,-25802989568.0,-0.32,141682806784.0,1.74,岩山科技,002195
BK0821,MSCI中国,5.59,-161552662528.0,-1.89,-84334485504.0,-0.99,-77218177024.0,-0.9,16118423552.0,0.19,145434243072.0,1.7,京东方Ａ,000725
BK0804,深股通,7.01,-176434601984.0,-1.5,-28059545600.0,-0.24,-148375056384.0,-1.26,-32392589312.0,-0.27,208827166720.0,1.77,岩山科技,002195
BK0867,富时罗素,5.61,-190030725120.0,-1.71,-72449097728.0,-0.65,-117581627392.0,-1.06,-9452068864.0,-0.08,199482806272.0,1.79,岩山科技,002195
BK0596,融资融券,6.77,-285115817984.0,-1.4,-79865421824.0,-0.39,-205250396160.0,-1.01,-33632714752.0,-0.16,314203037696.0,1.54,强一股份,688809
