概念代码,概念名称,涨跌幅(%),主力净流入,主力净占比(%),超大单净流入,超大单净占比(%),大单净流入,大单净占比(%),中单净流入,中单净占比(%),小单净流入,小单净占比(%),股票名称,股票代码
BK1188,DeepSeek概念,1.81,4164032512.0,2.16,5227341056.0,2.71,-1063308544.0,-0.55,-3254026240.0,-1.69,-890802176.0,-0.46,岩山科技,002195
BK0809,AI智能体,2.31,2164408576.0,1.87,3087947008.0,2.67,-923538432.0,-0.8,-1991737344.0,-1.72,-141389568.0,-0.12,岩山科技,002195
BK1127,AI芯片,2.11,1912888320.0,1.94,2588871168.0,2.62,-675982848.0,-0.68,-2468950272.0,-2.5,547368704.0,0.55,岩山科技,002195
BK1170,AI制药（医疗）,2.84,1861396224.0,4.49,2423960576.0,5.85,-562564352.0,-1.36,-1580113920.0,-3.81,-281282304.0,-0.68,岩山科技,002195
BK0845,百度概念,1.7,1745632512.0,1.01,2918449664.0,1.69,-1172817152.0,-0.68,-2625230336.0,-1.52,881931264.0,0.51,岩山科技,002195
BK1153,多模态AI,1.6,1701585920.0,2.55,2321869824.0,3.47,-620283904.0,-0.93,-1621624832.0,-2.43,-97674240.0,-0.15,岩山科技,002195
BK0800,人工智能,1.67,1677926400.0,0.32,6339223552.0,1.22,-4661297152.0,-0.9,-4662218752.0,-0.9,3159293952.0,0.61,岩山科技,002195
BK0145,上海板块,1.38,1562020864.0,0.58,3896294400.0,1.45,-2334273536.0,-0.87,-2706944000.0,-1.01,1103115776.0,0.41,岩山科技,002195
BK0706,人脑工程,3.43,1503936768.0,1.94,2110307072.0,2.72,-606370304.0,-0.78,-1149254400.0,-1.48,-354682368.0,-0.46,岩山科技,002195
BK0696,国产软件,2.11,1479154432.0,0.84,3082724352.0,1.75,-1603569920.0,-0.91,-1916971520.0,-1.09,476276736.0,0.27,岩山科技,002195
BK0447,互联网服务,2.25,1478685184.0,1.08,2846126336.0,2.09,-1367441152.0,-1.0,-2026983936.0,-1.49,559903488.0,0.41,岩山科技,002195
BK0689,阿里概念,1.47,1469932800.0,0.72,3820670976.0,1.88,-2350738176.0,-1.16,-2971380224.0,-1.46,1497591552.0,0.74,岩山科技,002195
BK0923,抖音概念(字节概念),1.86,1292947968.0,1.04,2425621248.0,1.95,-1132673280.0,-0.91,-1969514752.0,-1.58,682498048.0,0.55,岩山科技,002195
BK0655,网络安全,1.8,1177868032.0,0.86,3809841152.0,2.78,-2631973120.0,-1.92,-2453039616.0,-1.79,1278147584.0,0.93,岩山科技,002195
BK1151,短剧互动游戏,2.58,1087152896.0,1.94,2155094272.0,3.85,-1067941376.0,-1.91,-1375192832.0,-2.46,288040192.0,0.51,岩山科技,002195
BK1186,首发经济,1.03,974864896.0,3.2,1798479616.0,5.91,-823614720.0,-2.7,-1328892416.0,-4.36,350132224.0,1.15,岩山科技,002195
BK1159,Sora概念,1.94,682552576.0,1.07,1606306816.0,2.53,-923754240.0,-1.45,-1254435840.0,-1.98,571883008.0,0.9,岩山科技,002195
BK1172,AI语料,2.19,475734528.0,0.98,1087229696.0,2.24,-611495168.0,-1.26,-1218188800.0,-2.51,742454016.0,1.53,岩山科技,002195
BK0509,网络游戏,1.25,464212224.0,0.7,1886501632.0,2.84,-1422289408.0,-2.14,-1497937408.0,-2.25,1033725184.0,1.56,岩山科技,002195
BK0953,鸿蒙概念,1.24,197882880.0,0.21,1384476416.0,1.48,-1186593536.0,-1.27,-1459985920.0,-1.56,1250407680.0,1.34,岩山科技,002195
BK1111,AIGC概念,1.86,-182464000.0,-0.12,990504960.0,0.66,-1172968960.0,-0.79,-895797504.0,-0.6,1070486528.0,0.72,岩山科技,002195
BK1164,AIPC,0.13,-266563840.0,-0.35,577292032.0,0.76,-843855872.0,-1.11,-943719424.0,-1.24,1171674624.0,1.54,岩山科技,002195
BK0634,大数据,1.71,-733140992.0,-0.26,2904180736.0,1.02,-3637321728.0,-1.28,-2882609152.0,-1.01,3665633280.0,1.29,岩山科技,002195
BK0506,创投,0.95,-1100674560.0,-0.55,658526464.0,0.33,-1759201024.0,-0.89,-1243470592.0,-0.63,2344145152.0,1.18,岩山科技,002195
BK1051,昨日连板_含一字,5.68,-2688646400.0,-3.3,-336388864.0,-0.41,-2352257536.0,-2.89,-198197504.0,-0.24,2886843904.0,3.54,岩山科技,002195
BK0579,云计算,1.75,-3517699328.0,-1.27,131447552.0,0.05,-3649146880.0,-1.32,571408384.0,0.21,2945284864.0,1.07,岩山科技,002195
BK0594,长江三角,1.05,-5120611328.0,-1.84,-1095457536.0,-0.39,-4025153792.0,-1.44,-617787392.0,-0.22,5738401792.0,2.06,岩山科技,002195
BK1050,昨日涨停_含一字,3.92,-6298678784.0,-3.72,-2352423680.0,-1.39,-3946255104.0,-2.33,515832576.0,0.3,5782846208.0,3.42,岩山科技,002195
BK0802,无人驾驶,0.56,-7596122624.0,-3.25,-4042842624.0,-1.73,-3553280000.0,-1.52,2452193280.0,1.05,5096484864.0,2.18,岩山科技,002195
BK1090,机器人概念,1.33,-7723342080.0,-1.71,-1691375872.0,-0.37,-6031966208.0,-1.33,-1274720256.0,-0.28,8936845312.0,1.98,岩山科技,002195
BK0854,华为概念,1.26,-9485705216.0,-1.5,-2752614400.0,-0.43,-6733090816.0,-1.06,-810983424.0,-0.13,10419982336.0,1.64,岩山科技,002195
BK0637,互联金融,-0.11,-10089509376.0,-5.78,-7511258880.0,-4.31,-2578250496.0,-1.48,2861473024.0,1.64,7204777472.0,4.13,岩山科技,002195
BK0568,深成500,0.23,-30229405696.0,-3.98,-20811407360.0,-2.74,-9417998336.0,-1.24,10119708672.0,1.33,20109701120.0,2.65,岩山科技,002195
BK0804,深股通,0.95,-30504554496.0,-2.16,-13277896704.0,-0.94,-17226657792.0,-1.22,3490877440.0,0.25,27013677056.0,1.91,岩山科技,002195
BK0490,军工,3.18,13789283840.0,3.03,15254558208.0,3.35,-1465274368.0,-0.32,-8122245120.0,-1.79,-5436354560.0,-1.2,航天电子,600879
BK0963,商业航天,3.99,10785058816.0,2.61,12768473088.0,3.09,-1983414272.0,-0.48,-6511931392.0,-1.57,-3902889984.0,-0.94,航天电子,600879
BK0808,军民融合,3.32,9555102464.0,3.54,9410297344.0,3.49,144805120.0,0.05,-4711694336.0,-1.75,-4772632832.0,-1.77,航天电子,600879
BK0480,航天航空,4.9,4652936192.0,6.03,4388537344.0,5.69,264398848.0,0.34,-2582863872.0,-3.35,-2004630784.0,-2.6,航天电子,600879
BK0921,卫星互联网,4.65,3425966592.0,1.95,5002591488.0,2.85,-1576624896.0,-0.9,-2773829888.0,-1.58,-646075136.0,-0.37,航天电子,600879
BK1166,低空经济,2.36,3219383296.0,1.16,4537033728.0,1.63,-1317650432.0,-0.47,-3657883648.0,-1.31,483405824.0,0.17,航天电子,600879
BK0994,空间站概念,3.86,2762214912.0,5.08,3539474176.0,6.52,-777259264.0,-1.43,-1644514816.0,-3.03,-1117700608.0,-2.06,航天电子,600879
BK0710,量子科技,2.37,2362697216.0,2.83,2944048384.0,3.53,-581351168.0,-0.7,-1029317120.0,-1.23,-1298681600.0,-1.56,航天电子,600879
BK0629,北斗导航,3.27,1696294656.0,1.08,2502247680.0,1.6,-805953024.0,-0.51,-1539179008.0,-0.98,-100195840.0,-0.06,航天电子,600879
BK0157,湖北板块,1.31,1345333760.0,1.55,2643812352.0,3.04,-1298478592.0,-1.49,-726332416.0,-0.83,-616580864.0,-0.71,航天电子,600879
BK0905,传感器,1.09,552759808.0,0.64,2071051264.0,2.39,-1518291456.0,-1.75,-623271168.0,-0.72,45274112.0,0.05,航天电子,600879
BK0918,特高压,1.29,-221193472.0,-0.4,1082400512.0,1.96,-1303593984.0,-2.37,-668575232.0,-1.21,883282944.0,1.6,航天电子,600879
BK0704,无人机,2.17,-686002432.0,-0.3,903404032.0,0.4,-1589406464.0,-0.7,-1593347072.0,-0.71,2322926080.0,1.03,航天电子,600879
BK0705,上证380,0.31,-5420768512.0,-1.95,-1687727360.0,-0.61,-3733041152.0,-1.34,1682120704.0,0.6,3738648064.0,1.34,航天电子,600879
BK0683,央国企改革,0.95,-5750738944.0,-0.72,3314802688.0,0.42,-9065541632.0,-1.14,-4478099456.0,-0.56,10251804672.0,1.29,航天电子,600879
BK0891,国产芯片,1.23,-7236055040.0,-1.43,-909922304.0,-0.18,-6326132736.0,-1.25,-307924992.0,-0.06,7445049344.0,1.47,航天电子,600879
BK0701,中证500,0.28,-10282016768.0,-1.82,-4087775232.0,-0.72,-6194241536.0,-1.1,1652510720.0,0.29,8629506048.0,1.53,航天电子,600879
BK0536,基金重仓,-0.07,-15915221760.0,-6.1,-11380761344.0,-4.36,-4534460416.0,-1.74,8069447680.0,3.09,7819831296.0,3.0,航天电子,600879
BK0707,沪股通,0.78,-20610248704.0,-1.95,-9651777536.0,-0.91,-10958471168.0,-1.04,1787015168.0,0.17,18823233536.0,1.78,航天电子,600879
BK0879,标准普尔,0.47,-27373596672.0,-2.78,-14413189120.0,-1.46,-12960407552.0,-1.31,3681796096.0,0.37,23691800576.0,2.4,航天电子,600879
BK0821,MSCI中国,-0.11,-42478350336.0,-4.18,-30298742784.0,-2.98,-12179607552.0,-1.2,14922940416.0,1.47,27555405824.0,2.71,航天电子,600879
BK0867,富时罗素,0.61,-42724888576.0,-3.21,-26443288576.0,-1.99,-16281600000.0,-1.22,10982436864.0,0.83,31742451712.0,2.39,航天电子,600879
BK0596,融资融券,0.97,-52591054848.0,-2.13,-25408675840.0,-1.03,-27182379008.0,-1.1,6959370240.0,0.28,45426716672.0,1.84,航天电子,600879
BK0662,在线教育,1.72,944808448.0,1.2,1253856512.0,1.59,-309048064.0,-0.39,-535413504.0,-0.68,-338705920.0,-0.43,中兴通讯,000063
BK0897,IPv6,1.93,881648128.0,3.15,1090886144.0,3.9,-209238016.0,-0.75,-495619584.0,-1.77,-386028800.0,-1.38,中兴通讯,000063
BK0964,6G概念,3.44,613202688.0,0.71,1309101568.0,1.51,-695898880.0,-0.8,-280395776.0,-0.32,-292047104.0,-0.34,中兴通讯,000063
BK0947,屏下摄像,0.74,508466928.0,3.12,524968944.0,3.22,-16502016.0,-0.1,-128947456.0,-0.79,-379519584.0,-2.33,中兴通讯,000063
BK1162,AI手机,0.11,-306593024.0,-0.8,8098048.0,0.02,-314691072.0,-0.82,53409024.0,0.14,253183744.0,0.66,中兴通讯,000063
BK0859,超清视频,1.09,-445820416.0,-0.53,501805824.0,0.6,-947626240.0,-1.14,-351569664.0,-0.42,831409664.0,1.0,中兴通讯,000063
BK0960,无线充电,0.9,-1843391744.0,-2.82,-235010048.0,-0.36,-1608381696.0,-2.46,436055808.0,0.67,1407336192.0,2.15,中兴通讯,000063
BK0893,无线耳机,0.6,-2803863296.0,-2.37,-1088653824.0,-0.92,-1715209472.0,-1.45,714667776.0,0.6,2086457344.0,1.76,中兴通讯,000063
BK0641,智能穿戴,0.63,-3517776128.0,-2.56,-1509064960.0,-1.1,-2008711168.0,-1.46,1064408576.0,0.78,2489961472.0,1.82,中兴通讯,000063
BK0448,通信设备,2.04,-9504845824.0,-4.78,-6802178560.0,-3.42,-2702667264.0,-1.36,5490848000.0,2.76,3826932736.0,1.92,中兴通讯,000063
BK0549,深圳特区,0.77,-10887335936.0,-4.64,-8097020928.0,-3.45,-2790315008.0,-1.19,3032776704.0,1.29,7858371840.0,3.35,中兴通讯,000063
BK0499,AH股,-0.09,-12929828608.0,-4.99,-10673661696.0,-4.12,-2256166912.0,-0.87,3261050880.0,1.26,9668776448.0,3.74,中兴通讯,000063
BK0718,证金持股,-0.01,-15370711552.0,-6.02,-11931068928.0,-4.67,-3439642624.0,-1.35,5277548544.0,2.07,10093161984.0,3.95,中兴通讯,000063
BK0743,深证100R,-0.34,-15590221056.0,-6.18,-12122805504.0,-4.81,-3467415552.0,-1.38,7258566656.0,2.88,8331657984.0,3.3,中兴通讯,000063
BK0153,广东板块,0.88,-17903808512.0,-3.62,-12800090112.0,-2.59,-5103718400.0,-1.03,4020998144.0,0.81,13488570368.0,2.73,中兴通讯,000063
BK0714,5G概念,1.16,-17923846144.0,-4.26,-11300302848.0,-2.68,-6623543296.0,-1.57,7579574272.0,1.8,10429276160.0,2.48,中兴通讯,000063
BK0729,船舶制造,7.36,2355212448.0,11.56,2412173472.0,11.84,-56961024.0,-0.28,-813979392.0,-3.99,-1541233152.0,-7.56,海兰信,300065
BK0715,航母概念,4.37,1876060672.0,2.68,1728476416.0,2.47,147584256.0,0.21,-1051287040.0,-1.5,-824773888.0,-1.18,海兰信,300065
BK0601,海工装备,3.18,1400608000.0,1.79,2525452288.0,3.23,-1124844288.0,-1.44,-1169283072.0,-1.5,-127052544.0,-0.16,海兰信,300065
BK0623,海洋经济,2.74,1301505280.0,1.43,2552928768.0,2.81,-1251423488.0,-1.38,-921779968.0,-1.01,-394025728.0,-0.43,海兰信,300065
BK1181,并购重组概念,1.13,1056564480.0,1.54,1719507200.0,2.5,-662942720.0,-0.96,-1176093440.0,-1.71,109325056.0,0.16,海兰信,300065
BK0684,京津冀,1.7,998288352.0,3.48,1477954016.0,5.15,-479665664.0,-1.67,-931858944.0,-3.25,-66429440.0,-0.23,海兰信,300065
BK1135,数据要素,1.86,405624576.0,0.41,1706343680.0,1.71,-1300719104.0,-1.31,-888135680.0,-0.89,621234176.0,0.62,海兰信,300065
BK0922,数据中心,1.45,-420012544.0,-0.19,2463149056.0,1.14,-2883161600.0,-1.33,-2050095360.0,-0.95,2223864832.0,1.03,海兰信,300065
BK0567,股权激励,0.76,-4166148864.0,-2.89,-2361527808.0,-1.64,-1804621056.0,-1.25,586870784.0,0.41,3579277824.0,2.48,海兰信,300065
BK1134,算力概念,1.67,-5185179136.0,-2.17,-1333624320.0,-0.56,-3851554816.0,-1.61,1679868160.0,0.7,3507113216.0,1.47,海兰信,300065
BK1138,液冷概念,0.58,-5498245120.0,-3.02,-1818663680.0,-1.0,-3679581440.0,-2.02,416394752.0,0.23,5016107008.0,2.75,海兰信,300065
BK0150,北京板块,1.34,-5777149952.0,-1.54,-2210308096.0,-0.59,-3566841856.0,-0.95,-523108352.0,-0.14,6298025984.0,1.68,海兰信,300065
BK1005,专精特新,1.31,-6844298240.0,-1.4,-2704131072.0,-0.55,-4140167168.0,-0.85,14802944.0,0.0,6638034944.0,1.35,海兰信,300065
BK0742,创业板综,1.48,-14308253696.0,-1.91,-8668545024.0,-1.16,-5639708672.0,-0.75,4127567872.0,0.55,10180685824.0,1.36,海兰信,300065
BK0552,机构重仓,0.96,-18002268160.0,-2.98,-8531460096.0,-1.41,-9470808064.0,-1.57,3110436864.0,0.52,14913884160.0,2.47,海兰信,300065
BK1061,数字经济,1.72,2551309824.0,2.51,3068599552.0,3.02,-517289728.0,-0.51,-1824870912.0,-1.79,-674532096.0,-0.66,汉得信息,300170
BK1176,财税数字化,2.17,2535693216.0,8.04,2479647904.0,7.86,56045312.0,0.18,-958091776.0,-3.04,-1576301056.0,-5.0,汉得信息,300170
BK1104,信创,1.71,1533331456.0,0.78,2647490304.0,1.35,-1114158848.0,-0.57,-2317491712.0,-1.18,838404352.0,0.43,汉得信息,300170
BK1133,ERP概念,2.34,1370460064.0,7.89,1306499232.0,7.52,63960832.0,0.37,-531481088.0,-3.06,-842292192.0,-4.85,汉得信息,300170
BK1169,Kimi概念,2.69,1107001520.0,3.82,1415667632.0,4.88,-308666112.0,-1.06,-592706816.0,-2.04,-514294784.0,-1.77,汉得信息,300170
BK0955,C2M概念,2.07,1003520720.0,6.55,889504720.0,5.8,114016000.0,0.74,-296118016.0,-1.93,-707402560.0,-4.61,汉得信息,300170
BK1150,新型工业化,2.43,649262848.0,0.82,1296704000.0,1.64,-647441152.0,-0.82,-875624192.0,-1.11,233873920.0,0.3,汉得信息,300170
BK1055,虚拟数字人,1.72,608965120.0,0.69,988170496.0,1.12,-379205376.0,-0.43,-334093056.0,-0.38,-274872064.0,-0.31,汉得信息,300170
BK1182,智谱AI,1.4,117003776.0,0.26,586469888.0,1.3,-469466112.0,-1.04,-43614976.0,-0.1,-83753472.0,-0.19,汉得信息,300170
BK0833,小米概念,0.77,-2871555584.0,-1.62,-1263403776.0,-0.71,-1608151808.0,-0.91,-78151168.0,-0.04,2957584640.0,1.67,汉得信息,300170
BK0830,区块链,1.46,-3485517824.0,-1.63,-1904591360.0,-0.89,-1580926464.0,-0.74,632217088.0,0.3,2858061312.0,1.34,汉得信息,300170
BK0970,生物识别,1.51,1578826240.0,4.35,1852550912.0,5.11,-273724672.0,-0.75,-1192443904.0,-3.29,-380877056.0,-1.05,航天科技,000901
BK0832,工业互联,1.76,1470201856.0,0.91,2162843392.0,1.34,-692641536.0,-0.43,-1735628544.0,-1.07,357933824.0,0.22,航天科技,000901
BK0146,黑龙江,1.3,1086089552.0,7.67,1171771168.0,8.27,-85681616.0,-0.61,-688825824.0,-4.86,-378398608.0,-2.67,航天科技,000901
BK0481,汽车零部件,0.85,713727232.0,0.71,1186720256.0,1.19,-472993024.0,-0.47,-1147028992.0,-1.15,397202688.0,0.4,航天科技,000901
BK0838,东北振兴,0.87,479526624.0,2.58,811273184.0,4.36,-331746560.0,-1.78,-372357888.0,-2.0,-107168768.0,-0.58,航天科技,000901
BK0581,智能电网,1.46,71430400.0,0.07,676667648.0,0.68,-605237248.0,-0.61,-1005484800.0,-1.02,948794624.0,0.96,航天科技,000901
BK0712,一带一路,1.38,-1849959680.0,-0.63,1829366528.0,0.62,-3679326208.0,-1.24,-2562011136.0,-0.87,4378394624.0,1.48,航天科技,000901
BK0554,物联网,1.51,-3409924608.0,-1.23,-583856640.0,-0.21,-2826067968.0,-1.02,-867180544.0,-0.31,4326984448.0,1.57,航天科技,000901
BK0920,车联网(车路云),1.35,-3513615360.0,-1.87,-514232832.0,-0.27,-2999382528.0,-1.6,-491621888.0,-0.26,4000180736.0,2.13,航天科技,000901
BK1194,2025中报预增,0.57,-14768666624.0,-4.55,-9575770112.0,-2.95,-5192896512.0,-1.6,6568738816.0,2.02,8174096384.0,2.52,航天科技,000901
BK0880,UWB概念,3.49,758738688.0,2.22,1217257216.0,3.56,-458518528.0,-1.34,-581464064.0,-1.7,-177274624.0,-0.52,信维通信,300136
BK0890,MLCC,1.98,716198256.0,3.21,644719728.0,2.89,71478528.0,0.32,-231057152.0,-1.04,-485141248.0,-2.17,信维通信,300136
BK0976,被动元件,1.95,632774400.0,1.95,549732608.0,1.7,83041792.0,0.26,-208424704.0,-0.64,-424349440.0,-1.31,信维通信,300136
BK0915,WiFi,1.91,264822016.0,0.83,759576576.0,2.38,-494754560.0,-1.55,-239913216.0,-0.75,-18847232.0,-0.06,信维通信,300136
BK1160,柔性屏(折叠屏),0.85,-74241024.0,-0.1,-319269120.0,-0.44,245028096.0,0.34,196450560.0,0.27,-122209536.0,-0.17,信维通信,300136
BK1124,毫米波概念,2.33,-1506433536.0,-1.8,24580096.0,0.03,-1531013632.0,-1.83,-107756800.0,-0.13,1688208384.0,2.01,信维通信,300136
BK1141,混合现实,0.92,-1952980736.0,-3.48,-606173952.0,-1.08,-1346806784.0,-2.4,643854336.0,1.15,1309126400.0,2.33,信维通信,300136
BK0610,央视50_,0.23,-3757338368.0,-4.22,-3501465600.0,-3.94,-255872768.0,-0.29,1343951872.0,1.51,2413386496.0,2.71,信维通信,300136
BK1037,消费电子,0.45,-4633906944.0,-4.7,-1893599744.0,-1.92,-2740307200.0,-2.78,756105984.0,0.77,3878195712.0,3.93,信维通信,300136
BK0666,苹果概念,0.04,-5045049600.0,-4.02,-2477814784.0,-1.98,-2567234816.0,-2.05,1347202304.0,1.07,3694917888.0,2.95,信维通信,300136
BK1054,DRG/DIP,2.99,540099040.0,5.36,451642128.0,4.48,88456912.0,0.88,-274676960.0,-2.73,-265422112.0,-2.64,塞力医疗,603716
BK0841,体外诊断,1.7,450159840.0,2.36,365764832.0,1.91,84395008.0,0.44,-414382080.0,-2.17,-44701440.0,-0.23,塞力医疗,603716
BK1147,SPD概念,2.21,337034032.0,5.7,295751072.0,5.0,41282960.0,0.7,-208567024.0,-3.53,-128467008.0,-2.17,塞力医疗,603716
BK0806,精准医疗,1.81,276219920.0,1.24,302421264.0,1.36,-26201344.0,-0.12,-271353856.0,-1.22,-4866048.0,-0.02,塞力医疗,603716
BK0914,医废处理,2.27,236470736.0,2.91,297797712.0,3.67,-61326976.0,-0.76,-157824336.0,-1.95,-78057616.0,-0.96,塞力医疗,603716
BK0548,生物疫苗,0.87,-10802384.0,-0.05,-53826000.0,-0.27,43023616.0,0.21,170514432.0,0.84,-168645632.0,-0.84,塞力医疗,603716
BK1106,创新药,1.02,-48330240.0,-0.09,-54434048.0,-0.1,6103808.0,0.01,392260864.0,0.73,-370264832.0,-0.69,塞力医疗,603716
BK1042,医药商业,1.34,-163601136.0,-1.33,4280000.0,0.03,-167881136.0,-1.37,-64934208.0,-0.53,228535360.0,1.86,塞力医疗,603716
BK0837,互联医疗,1.48,-955996416.0,-1.57,-769794048.0,-1.26,-186202368.0,-0.31,273491968.0,0.45,764677120.0,1.26,塞力医疗,603716
BK1001,内贸流通,0.73,-990042624.0,-1.99,-167826944.0,-0.34,-822215680.0,-1.65,-228651008.0,-0.46,1218693888.0,2.45,塞力医疗,603716
BK0166,天津板块,1.41,1923440640.0,4.75,1355057664.0,3.35,568382976.0,1.41,-1119450112.0,-2.77,-811761152.0,-2.01,中科曙光,603019
BK0813,雄安新区,1.56,1520710912.0,2.15,1329850112.0,1.88,190860800.0,0.27,-1021011200.0,-1.44,-498843136.0,-0.7,中科曙光,603019
BK0860,边缘计算,1.87,1305312000.0,0.98,2062677504.0,1.55,-757365504.0,-0.57,-1093432576.0,-0.82,-208489984.0,-0.16,中科曙光,603019
BK0861,数字孪生,2.07,1200901120.0,2.57,1039142144.0,2.23,161758976.0,0.35,-684696320.0,-1.47,-444340736.0,-0.95,中科曙光,603019
BK0628,智慧城市,1.89,1104033792.0,0.87,1692745984.0,1.34,-588712192.0,-0.47,-1157743360.0,-0.91,153722624.0,0.12,中科曙光,603019
BK0885,VPN,2.17,887492816.0,4.79,747293392.0,4.03,140199424.0,0.76,-533492480.0,-2.88,-354000336.0,-1.91,中科曙光,603019
BK0735,计算机设备,1.01,343995648.0,0.76,349187584.0,0.77,-5191936.0,-0.01,-494520064.0,-1.09,154135296.0,0.34,中科曙光,603019
BK1064,东数西算,1.84,262351104.0,0.4,969304576.0,1.49,-706953472.0,-1.09,-963665664.0,-1.49,705494784.0,1.09,中科曙光,603019
BK0835,独角兽,1.08,-4934905088.0,-3.76,-3275839232.0,-2.5,-1659065856.0,-1.26,920773888.0,0.7,4014131200.0,3.06,中科曙光,603019
BK0902,MiniLED,1.22,89669632.0,0.21,671388160.0,1.55,-581718528.0,-1.34,-497029376.0,-1.14,407359488.0,0.94,乾照光电,300102
BK1038,光学光电子,1.1,4675840.0,0.01,355199744.0,0.72,-350523904.0,-0.71,-349118464.0,-0.7,337870848.0,0.68,乾照光电,300102
BK0588,太阳能,1.33,-825283328.0,-0.33,502963968.0,0.2,-1328247296.0,-0.54,-1181822976.0,-0.48,2191814144.0,0.89,乾照光电,300102
BK0916,氮化镓,1.54,-1386451456.0,-2.46,-527439616.0,-0.93,-859011840.0,-1.52,291113728.0,0.52,1095337728.0,1.94,乾照光电,300102
BK0952,第三代半导体,1.33,-2054123008.0,-1.64,-176864512.0,-0.14,-1877258496.0,-1.49,-62568704.0,-0.05,2191561472.0,1.74,乾照光电,300102
BK0580,LED,0.97,-3332790528.0,-4.51,-1824439808.0,-2.47,-1508350720.0,-2.04,985370880.0,1.33,2348781312.0,3.18,乾照光电,300102
BK0151,福建板块,0.89,-4560696320.0,-3.33,-1525390848.0,-1.11,-3035305472.0,-2.21,-762073600.0,-0.56,5273565696.0,3.85,乾照光电,300102
BK1136,光通信模块,0.44,-5654587392.0,-4.43,-3959964672.0,-3.1,-1694622720.0,-1.33,4358779136.0,3.41,1080250624.0,0.85,乾照光电,300102
BK0917,半导体概念,1.13,-11261501440.0,-2.36,-5065515008.0,-1.06,-6195986432.0,-1.3,1777770496.0,0.37,9632960512.0,2.02,乾照光电,300102
BK1068,净水概念,1.03,235637024.0,4.0,-55434400.0,-0.94,291071424.0,4.95,-282997776.0,-4.81,47360752.0,0.8,美的集团,000333
BK0668,医疗器械概念,1.38,-127020800.0,-0.1,74505984.0,0.06,-201526784.0,-0.16,-472186880.0,-0.38,509779456.0,0.41,美的集团,000333
BK0811,超级品牌,0.43,-620591168.0,-2.3,-402119744.0,-1.49,-218471424.0,-0.81,287346688.0,1.06,333244160.0,1.23,美的集团,000333
BK0456,家电行业,0.57,-999074336.0,-2.88,-850384928.0,-2.45,-148689408.0,-0.43,-169092608.0,-0.49,1168692480.0,3.36,美的集团,000333
BK1102,空气能热泵,1.19,-1410836432.0,-4.63,-1017283280.0,-3.34,-393553152.0,-1.29,-146756096.0,-0.48,1557592576.0,5.11,美的集团,000333
BK0680,智能家居,0.86,-4246292224.0,-4.16,-2857602560.0,-2.8,-1388689664.0,-1.36,1051470336.0,1.03,3200313856.0,3.14,美的集团,000333
BK0525,参股银行,0.56,-5785945344.0,-4.57,-5134591232.0,-4.05,-651354112.0,-0.51,1226734336.0,0.97,4560376064.0,3.6,美的集团,000333
BK0999,茅指数,-0.37,-6517890048.0,-5.3,-5544466432.0,-4.5,-973423616.0,-0.79,2599459072.0,2.11,3918431232.0,3.18,美的集团,000333
BK0998,机器视觉,0.81,689792.0,0.0,-43615616.0,-0.12,44305408.0,0.13,72999424.0,0.21,-43788800.0,-0.12,先导智能,300450
BK1033,电池,-0.33,-1893274624.0,-3.18,-1546756608.0,-2.6,-346518016.0,-0.58,-70275328.0,-0.12,1815321856.0,3.05,先导智能,300450
BK0682,燃料电池,1.13,-2071803136.0,-1.89,-1495280640.0,-1.36,-576522496.0,-0.53,237196800.0,0.22,1833338112.0,1.67,先导智能,300450
BK0864,氢能源,1.25,-3132491520.0,-1.84,-963400448.0,-0.57,-2169091072.0,-1.27,153930496.0,0.09,2990150912.0,1.76,先导智能,300450
BK0644,特斯拉,0.45,-6381102080.0,-2.99,-4083694336.0,-1.92,-2297407744.0,-1.08,507347200.0,0.24,5837778432.0,2.74,先导智能,300450
BK0968,固态电池,0.1,-6662048512.0,-3.99,-4660550912.0,-2.79,-2001497600.0,-1.2,1304814080.0,0.78,5215253504.0,3.13,先导智能,300450
BK0159,江苏板块,1.06,-6954043904.0,-2.28,-3497007616.0,-1.15,-3457036288.0,-1.13,947699712.0,0.31,6011535360.0,1.97,先导智能,300450
BK0638,创业成份,0.31,-13846578176.0,-5.48,-12078289920.0,-4.78,-1768288256.0,-0.7,7140589568.0,2.83,6705985536.0,2.65,先导智能,300450
BK0595,风能,1.4,-757897216.0,-0.49,870115584.0,0.56,-1628012800.0,-1.04,-741465600.0,-0.48,1565904896.0,1.0,中国船舶,600150
BK1139,中特估,0.77,-934407424.0,-0.78,313198592.0,0.26,-1247606016.0,-1.04,-583997696.0,-0.49,1518404864.0,1.26,中国船舶,600150
BK0505,中字头,0.9,-935373824.0,-0.8,-227666688.0,-0.2,-707707136.0,-0.61,-569975552.0,-0.49,1504071680.0,1.29,中国船舶,600150
BK0697,IPO受益,0.33,-1473298432.0,-3.24,-1088777984.0,-2.39,-384520448.0,-0.84,543581952.0,1.19,929716480.0,2.04,中国船舶,600150
BK1198,2025三季报预增,0.34,-2073307648.0,-2.54,-666317312.0,-0.82,-1406990336.0,-1.73,499353344.0,0.61,1573954304.0,1.93,中国船舶,600150
BK0611,上证50_,-0.23,-7297808640.0,-3.88,-6376503040.0,-3.39,-921305600.0,-0.49,2186831616.0,1.16,5110977280.0,2.72,中国船舶,600150
BK0612,上证180_,-0.11,-16059342848.0,-4.55,-12431507456.0,-3.52,-3627835392.0,-1.03,4319485952.0,1.22,11739852288.0,3.32,中国船舶,600150
BK0500,HS300_,-0.17,-33209462784.0,-5.27,-25394810880.0,-4.03,-7814651904.0,-1.24,11668516864.0,1.85,21540941824.0,3.42,中国船舶,600150
BK0886,智慧政务,1.91,1111216592.0,2.86,1172826832.0,3.02,-61610240.0,-0.16,-667435008.0,-1.72,-396200704.0,-1.02,久其软件,002279
BK0912,远程办公,2.32,922325984.0,3.54,881556448.0,3.39,40769536.0,0.16,-449210112.0,-1.72,-473115904.0,-1.82,久其软件,002279
BK1022,职业教育,2.03,342902784.0,0.95,313569024.0,0.87,29333760.0,0.08,-206968576.0,-0.57,-129516800.0,-0.36,久其软件,002279
BK0972,快手概念,2.32,189370112.0,0.35,98924032.0,0.18,90446080.0,0.17,96409856.0,0.18,-285779968.0,-0.53,久其软件,002279
BK0737,软件开发,1.88,-302456576.0,-0.32,258611200.0,0.27,-561067776.0,-0.59,-495189248.0,-0.52,893193216.0,0.94,久其软件,002279
BK0600,参股新三板,1.02,-630019840.0,-0.83,-764091136.0,-1.01,134071296.0,0.18,243961344.0,0.32,386058752.0,0.51,久其软件,002279
BK0940,网红经济,1.12,-2709210880.0,-3.22,-1756808704.0,-2.09,-952402176.0,-1.13,822447360.0,0.98,1882868480.0,2.24,久其软件,002279
BK0847,影视概念,1.71,415450208.0,1.81,840663648.0,3.67,-425213440.0,-1.86,-551277824.0,-2.41,169847552.0,0.74,中文在线,300364
BK0959,数字阅读,1.68,275500048.0,4.55,233042064.0,3.85,42457984.0,0.7,-206353728.0,-3.41,-69146336.0,-1.14,中文在线,300364
BK1118,数据确权,1.84,194770368.0,1.37,153252272.0,1.08,41518096.0,0.29,-250268928.0,-1.76,55498496.0,0.39,中文在线,300364
BK0954,盲盒经济,1.47,185448960.0,3.8,126825120.0,2.6,58623840.0,1.2,-120174224.0,-2.46,-65274752.0,-1.34,中文在线,300364
BK0839,知识产权,1.42,-143737264.0,-0.88,132424496.0,0.81,-276161760.0,-1.7,-156005120.0,-0.96,333762304.0,2.05,中文在线,300364
BK1110,Web3.0,1.77,-214809856.0,-0.48,49924352.0,0.11,-264734208.0,-0.59,-103591168.0,-0.23,318400768.0,0.71,中文在线,300364
BK1183,谷子经济,1.18,-498467024.0,-1.94,-192265936.0,-0.75,-306201088.0,-1.19,-43395840.0,-0.17,540015104.0,2.1,中文在线,300364
BK1006,碳基材料,1.31,349493296.0,3.45,288861008.0,2.85,60632288.0,0.6,-50072400.0,-0.49,-299420912.0,-2.96,楚江新材,002171
BK0619,3D打印,1.45,167264256.0,0.33,317457664.0,0.63,-150193408.0,-0.3,-80042752.0,-0.16,-81556736.0,-0.16,楚江新材,002171
BK0977,碳化硅,0.72,-226840400.0,-0.68,-13278032.0,-0.04,-213562368.0,-0.64,215754496.0,0.64,91233024.0,0.27,楚江新材,002171
BK0149,安徽板块,1.08,-1811353344.0,-1.83,-998369536.0,-1.01,-812983808.0,-0.82,303746560.0,0.31,1495299328.0,1.51,楚江新材,002171
BK1168,铜缆高速连接,0.5,-2721721600.0,-5.57,-1198650368.0,-2.45,-1523071232.0,-3.12,1084855296.0,2.22,1443739648.0,2.96,楚江新材,002171
BK0478,有色金属,-0.09,-4489041920.0,-5.67,-2655215872.0,-3.35,-1833826048.0,-2.32,740046336.0,0.93,3741881344.0,4.73,楚江新材,002171
BK0877,PCB,-0.17,-5698915072.0,-5.88,-4341019136.0,-4.48,-1357895936.0,-1.4,1464801024.0,1.51,4206638336.0,4.34,楚江新材,002171
BK0708,体育产业,0.95,196443888.0,1.1,409648848.0,2.29,-213204960.0,-1.19,-138465024.0,-0.77,-58325248.0,-0.33,东方明珠,600637
BK0850,进口博览,1.45,188723696.0,4.23,361821328.0,8.1,-173097632.0,-3.88,-128438416.0,-2.88,-60285280.0,-1.35,东方明珠,600637
BK0904,广电,2.14,148702192.0,1.5,439347024.0,4.42,-290644832.0,-2.92,-218957648.0,-2.2,104275344.0,1.05,东方明珠,600637
BK0643,上海自贸,1.36,-45847232.0,-0.26,224350016.0,1.29,-270197248.0,-1.55,-107076352.0,-0.62,152923696.0,0.88,东方明珠,600637
BK0656,智能电视,2.33,-80139744.0,-0.83,418417584.0,4.32,-498557328.0,-5.15,-125662592.0,-1.3,205802336.0,2.13,东方明珠,600637
BK0665,电商概念,1.1,-2267500800.0,-2.13,-277776384.0,-0.26,-1989724416.0,-1.87,253416960.0,0.24,1975276288.0,1.86,东方明珠,600637
BK0815,昨日涨停,3.36,-6625209856.0,-4.96,-4029494528.0,-3.02,-2595715328.0,-1.94,1922199296.0,1.44,4703010816.0,3.52,东方明珠,600637
BK0625,通用航空,2.8,2139589632.0,5.82,1658122496.0,4.51,481467136.0,1.31,-1075618304.0,-2.92,-1061618944.0,-2.89,上海电气,601727
BK1087,超超临界发电,1.75,389712896.0,1.31,418027264.0,1.4,-28314368.0,-0.09,-422538240.0,-1.42,32825600.0,0.11,上海电气,601727
BK0942,商汤概念,1.35,293889968.0,1.82,66060064.0,0.41,227829904.0,1.41,-135377664.0,-0.84,-158512240.0,-0.98,上海电气,601727
BK0980,化债(AMC)概念,0.98,167703952.0,0.67,164297872.0,0.66,3406080.0,0.01,-146748416.0,-0.59,-20098560.0,-0.08,上海电气,601727
BK1095,钒电池,0.09,125473680.0,0.77,-91705728.0,-0.56,217179408.0,1.33,-126650624.0,-0.78,1177088.0,0.01,上海电气,601727
BK0700,充电桩,0.9,-2664634368.0,-1.77,-2082830848.0,-1.39,-581803520.0,-0.39,-72004864.0,-0.05,2736041984.0,1.82,上海电气,601727
BK0945,装配建筑,1.89,923182240.0,3.46,855173536.0,3.21,68008704.0,0.26,-418618624.0,-1.57,-489412352.0,-1.84,华建集团,600629
BK1179,房屋检测,2.55,547743792.0,5.38,513017088.0,5.04,34726704.0,0.34,-218165808.0,-2.14,-312914432.0,-3.07,华建集团,600629
BK0726,工程咨询服务,2.64,464155264.0,6.22,486906048.0,6.52,-22750784.0,-0.3,-330654416.0,-4.43,-114740928.0,-1.54,华建集团,600629
BK0672,沪企改革,1.16,449274368.0,2.31,407661056.0,2.1,41613312.0,0.21,-194277888.0,-1.0,-254996480.0,-1.31,华建集团,600629
BK0597,水利建设,2.09,-391136256.0,-0.55,-6163712.0,-0.01,-384972544.0,-0.55,-567420416.0,-0.8,966835712.0,1.37,华建集团,600629
BK0514,参股券商,0.65,-3057867520.0,-3.9,-2112854016.0,-2.69,-945013504.0,-1.2,649374976.0,0.83,2408492800.0,3.07,华建集团,600629
BK0429,交运设备,1.12,770763440.0,7.93,734536672.0,7.56,36226768.0,0.37,-441488016.0,-4.54,-333119328.0,-3.43,内蒙一机,600967
BK0592,铁路基建,1.37,422416128.0,0.91,612724736.0,1.32,-190308608.0,-0.41,-532483072.0,-1.15,153047552.0,0.33,内蒙一机,600967
BK1184,人形机器人,1.04,-646918656.0,-0.34,-363201024.0,-0.19,-283717632.0,-0.15,-1167756288.0,-0.61,1752996096.0,0.92,内蒙一机,600967
BK0175,内蒙古,-0.22,-1610900480.0,-5.25,-1022674944.0,-3.33,-588225536.0,-1.92,303732224.0,0.99,1297912576.0,4.23,内蒙一机,600967
BK0989,储能,0.96,-4394174464.0,-1.57,-2494728192.0,-0.89,-1899446272.0,-0.68,-227450880.0,-0.08,4606758912.0,1.64,内蒙一机,600967
BK0590,西部大开发,1.14,-5660618240.0,-1.66,-1244122624.0,-0.36,-4416495616.0,-1.29,-94601216.0,-0.03,5921996800.0,1.74,内蒙一机,600967
BK0870,单抗概念,0.85,222578544.0,1.27,138244320.0,0.79,84334224.0,0.48,260585728.0,1.49,-483164160.0,-2.76,海南海药,000566
BK1078,肝炎概念,0.87,97777840.0,0.58,119779664.0,0.72,-22001824.0,-0.13,-97287680.0,-0.58,-490240.0,0.0,海南海药,000566
BK0986,CAR-T细胞疗法,1.36,93625184.0,0.8,11157760.0,0.1,82467424.0,0.71,69047120.0,0.59,-164510688.0,-1.41,海南海药,000566
BK0906,流感,1.42,-6763040.0,-0.02,121385696.0,0.39,-128148736.0,-0.41,-4291584.0,-0.01,11054848.0,0.04,海南海药,000566
BK0465,化学制药,1.02,-135543888.0,-0.38,77127344.0,0.22,-212671232.0,-0.59,108125952.0,0.3,24956160.0,0.07,海南海药,000566
BK0615,中药概念,0.83,-714499264.0,-2.17,-493233856.0,-1.5,-221265408.0,-0.67,269534976.0,0.82,452243712.0,1.37,海南海药,000566
BK0856,工业大麻,0.8,874156240.0,5.35,955977888.0,5.85,-81821648.0,-0.5,-432602368.0,-2.65,-441553856.0,-2.7,顺灏股份,002565
BK1070,土壤修复,1.22,739041104.0,7.35,886324416.0,8.81,-147283312.0,-1.46,-451271856.0,-4.49,-280601376.0,-2.79,顺灏股份,002565
BK0669,生态农业,1.11,670944272.0,5.16,839768384.0,6.46,-168824112.0,-1.3,-539811200.0,-4.15,-131133072.0,-1.01,顺灏股份,002565
BK0733,包装材料,1.06,547612240.0,4.17,832656112.0,6.35,-285043872.0,-2.17,-475274336.0,-3.62,-82524864.0,-0.63,顺灏股份,002565
BK0865,电子烟,0.95,-1691103744.0,-2.56,-436308736.0,-0.66,-1254795008.0,-1.9,283380480.0,0.43,1401890048.0,2.13,顺灏股份,002565
BK1023,培育钻石,1.21,824071120.0,9.03,619133824.0,6.78,204937296.0,2.25,-274153536.0,-3.0,-526975184.0,-5.77,黄河旋风,600172
BK0156,河南板块,1.32,-578361600.0,-1.11,-89875200.0,-0.17,-488486400.0,-0.94,-433657088.0,-0.83,1104657152.0,2.12,黄河旋风,600172
BK1020,非金属材料,1.14,-1004825088.0,-3.52,-290697472.0,-1.02,-714127616.0,-2.5,92020224.0,0.32,941794560.0,3.3,黄河旋风,600172
BK0494,节能环保,1.48,-2852630272.0,-1.76,-1602293760.0,-0.99,-1250336512.0,-0.77,1750529792.0,1.08,1055978496.0,0.65,黄河旋风,600172
BK0523,新材料,0.92,-10507921664.0,-3.62,-6118168832.0,-2.11,-4389752832.0,-1.51,1765036032.0,0.61,8850497536.0,3.05,黄河旋风,600172
BK0614,食品安全,1.41,193358512.0,1.32,441870864.0,3.01,-248512352.0,-1.69,-259535872.0,-1.77,74584624.0,0.51,航天信息,600271
BK0875,ETC,1.61,183592960.0,1.14,520253328.0,3.22,-336660368.0,-2.08,-342888192.0,-2.12,153043712.0,0.95,航天信息,600271
BK0556,移动支付,1.02,90203392.0,0.22,617174784.0,1.49,-526971392.0,-1.27,-330064640.0,-0.8,239860992.0,0.58,航天信息,600271
BK0883,数字货币,1.01,-373758464.0,-0.85,362890496.0,0.83,-736648960.0,-1.69,-464660992.0,-1.06,815161088.0,1.86,航天信息,600271
BK0937,蚂蚁概念,0.58,-493548288.0,-1.0,-422346496.0,-0.85,-71201792.0,-0.14,-684735744.0,-1.39,1178283776.0,2.39,航天信息,600271
BK0950,草甘膦,0.08,66723040.0,2.15,45568960.0,1.47,21154080.0,0.68,58971232.0,1.9,-125694256.0,-4.04,新安股份,600596
BK0907,转基因,1.11,-5099808.0,-0.16,-4112112.0,-0.13,-987696.0,-0.03,-23993552.0,-0.75,26679536.0,0.83,新安股份,600596
BK0961,有机硅,0.32,-1195547872.0,-7.27,-660170816.0,-4.02,-535377056.0,-3.26,494608640.0,3.01,686799360.0,4.18,新安股份,600596
BK1010,磷化工,0.03,-1845615856.0,-5.66,-1281572848.0,-3.93,-564043008.0,-1.73,380335616.0,1.17,1424791808.0,4.37,新安股份,600596
BK0512,化工原料,0.41,-1873682032.0,-5.33,-969948784.0,-2.76,-903733248.0,-2.57,253604352.0,0.72,1620077824.0,4.61,新安股份,600596
BK1086,粮食概念,0.34,-24041232.0,-0.5,-50564912.0,-1.05,26523680.0,0.55,-21968960.0,-0.45,62277520.0,1.29,神农种业,300189
BK0967,水产养殖,-0.06,-238387472.0,-4.27,-123114304.0,-2.21,-115273168.0,-2.07,111714768.0,2.0,126672688.0,2.27,神农种业,300189
BK0888,农业种植,0.84,-515771328.0,-3.29,-344484240.0,-2.2,-171287088.0,-1.09,45459456.0,0.29,476896512.0,3.04,神农种业,300189
BK0632,土地流转,0.94,-595172640.0,-3.99,-349779312.0,-2.34,-245393328.0,-1.64,2273280.0,0.02,592899296.0,3.97,神农种业,300189
BK0433,农牧饲渔,0.53,-816327680.0,-4.03,-243272704.0,-1.2,-573054976.0,-2.83,-53500160.0,-0.26,867972352.0,4.29,神农种业,300189
BK1018,橡胶制品,0.49,-32912416.0,-0.34,120140592.0,1.25,-153053008.0,-1.6,-205383472.0,-2.14,272443872.0,2.84,彤程新材,603650
BK0909,降解塑料,0.93,-1431041504.0,-5.53,-982442720.0,-3.8,-448598784.0,-1.73,377492224.0,1.46,1054502144.0,4.08,彤程新材,603650
BK0617,石墨烯,0.19,-2596936192.0,-5.98,-1635745536.0,-3.76,-961190656.0,-2.21,619637248.0,1.43,1915613184.0,4.41,彤程新材,603650
BK0578,稀土永磁,-0.4,-5880049664.0,-7.71,-3499180544.0,-4.59,-2380869120.0,-3.12,1322082560.0,1.73,4533820672.0,5.95,彤程新材,603650
BK0884,光刻机(胶),0.19,-6686870016.0,-6.23,-4276209152.0,-3.99,-2410660864.0,-2.25,1640810752.0,1.53,4977979648.0,4.64,彤程新材,603650
BK0171,云南板块,0.7,-885704096.0,-3.73,-385791136.0,-1.63,-499912960.0,-2.11,-10057728.0,-0.04,897388032.0,3.78,云南锗业,002428
BK1196,2025中报扭亏,1.05,-3215133696.0,-2.78,-2181321472.0,-1.88,-1033812224.0,-0.89,282155520.0,0.24,2940146176.0,2.54,云南锗业,002428
BK1027,小金属,-1.18,-3639166976.0,-7.29,-2264421120.0,-4.53,-1374745856.0,-2.75,432976384.0,0.87,3209108480.0,6.43,云南锗业,002428
BK0519,稀缺资源,-0.55,-7349368832.0,-7.67,-4892946176.0,-5.11,-2456422656.0,-2.56,1364318208.0,1.42,5985050368.0,6.25,云南锗业,002428
BK0695,小金属概念,-0.58,-11050373120.0,-7.27,-7376014592.0,-4.85,-3674358528.0,-2.42,1988643840.0,1.31,9064647680.0,5.96,云南锗业,002428
BK0577,核能核电,2.1,2162081792.0,1.59,2964103424.0,2.17,-802021632.0,-0.59,-1947235840.0,-1.43,-11153152.0,-0.01,融发核电,002366
BK1034,电源设备,1.96,1040592224.0,3.52,590419040.0,2.0,450173184.0,1.52,-376276480.0,-1.27,-664315648.0,-2.25,融发核电,002366
BK1163,可控核聚变,3.31,588214528.0,0.6,1948977920.0,1.97,-1360763392.0,-1.38,-1190000640.0,-1.21,772702720.0,0.78,融发核电,002366
BK0169,四川板块,1.68,-810125056.0,-0.86,-275336960.0,-0.29,-534788096.0,-0.57,403870976.0,0.43,426239488.0,0.45,融发核电,002366
BK0910,专用设备,1.57,1389702400.0,1.49,2577189376.0,2.76,-1187486976.0,-1.27,-1544046080.0,-1.66,231659264.0,0.25,巨轮智能,002031
BK1004,工业母机,1.94,1321254144.0,2.42,1226713344.0,2.25,94540800.0,0.17,-745797376.0,-1.37,-563127296.0,-1.03,巨轮智能,002031
BK1100,减速器,1.47,1107903232.0,1.73,1037162240.0,1.62,70740992.0,0.11,-970175744.0,-1.52,-123864320.0,-0.19,巨轮智能,002031
BK0852,冷链物流,0.97,-2005709824.0,-3.14,-653957632.0,-1.02,-1351752192.0,-2.12,13504000.0,0.02,1997061888.0,3.13,巨轮智能,002031
BK0908,HIT电池,2.27,1277032704.0,3.3,1166100736.0,3.01,110931968.0,0.29,-793351936.0,-2.05,-473734144.0,-1.22,航天机电,600151
BK1031,光伏设备,2.37,1049027840.0,1.53,722461184.0,1.06,326566656.0,0.48,-499314432.0,-0.73,-528749056.0,-0.77,航天机电,600151
BK0493,新能源,1.36,584591360.0,0.42,1724752896.0,1.23,-1140161536.0,-0.81,-1154977536.0,-0.82,597831424.0,0.43,航天机电,600151
BK0574,锂电池,0.15,-14137433344.0,-4.76,-8588619008.0,-2.89,-5548814336.0,-1.87,2535522304.0,0.85,11386183680.0,3.84,航天机电,600151
BK1171,碳纤维,2.48,900937040.0,3.22,578706000.0,2.07,322231040.0,1.15,-208963328.0,-0.75,-655137024.0,-2.34,光威复材,300699
BK1156,PEEK材料概念,0.94,-687646832.0,-2.62,-528053616.0,-2.01,-159593216.0,-0.61,58856448.0,0.22,640632576.0,2.44,光威复材,300699
BK0538,化学制品,0.66,-3435897856.0,-6.24,-1716625920.0,-3.12,-1719271936.0,-3.12,433577728.0,0.79,2929218048.0,5.32,光威复材,300699
BK0164,山东板块,0.89,-4210828800.0,-3.83,-3406392832.0,-3.1,-804435968.0,-0.73,3161117952.0,2.88,1041770752.0,0.95,光威复材,300699
BK0853,电子竞技,1.35,681085344.0,3.12,899177888.0,4.12,-218092544.0,-1.0,-172421120.0,-0.79,-508828928.0,-2.33,世纪华通,002602
BK0997,NFT概念,1.49,365110528.0,0.9,482684416.0,1.18,-117573888.0,-0.29,-191740928.0,-0.47,-173369600.0,-0.43,世纪华通,002602
BK1046,游戏,0.64,247957472.0,1.38,264718304.0,1.47,-16760832.0,-0.09,135410432.0,0.75,-383367936.0,-2.13,世纪华通,002602
BK0801,增强现实,0.84,-648032512.0,-1.84,-229965312.0,-0.65,-418067200.0,-1.19,-77607424.0,-0.22,719068672.0,2.04,世纪华通,002602
BK0992,REITs概念,1.22,621246896.0,4.72,544140800.0,4.14,77106096.0,0.59,-164538480.0,-1.25,-456708432.0,-3.47,万  科Ａ,000002
BK0822,租售同权,2.04,528811216.0,4.86,507070704.0,4.66,21740512.0,0.2,-178649136.0,-1.64,-350162080.0,-3.22,万  科Ａ,000002
BK0451,房地产开发,1.54,-224236800.0,-0.71,-216893952.0,-0.69,-7342848.0,-0.02,-201242112.0,-0.64,425479168.0,1.35,万  科Ａ,000002
BK0653,养老概念,1.39,-2382426624.0,-3.56,-1767927808.0,-2.64,-614498816.0,-0.92,457749504.0,0.68,1924677120.0,2.88,万  科Ａ,000002
BK1041,医疗器械,1.78,526819952.0,1.65,175818608.0,0.55,351001344.0,1.1,-25393920.0,-0.08,-548084224.0,-1.71,爱朋医疗,300753
BK0889,医疗美容,1.36,484759520.0,1.86,539591136.0,2.06,-54831616.0,-0.21,-253259776.0,-0.97,-261971712.0,-1.0,爱朋医疗,300753
BK0675,病毒防治,1.21,74789728.0,0.23,54838112.0,0.17,19951616.0,0.06,-263731200.0,-0.82,158469632.0,0.49,爱朋医疗,300753
BK0664,婴童概念,1.1,-234763264.0,-0.65,43077120.0,0.12,-277840384.0,-0.77,-343877888.0,-0.95,574746112.0,1.58,爱朋医疗,300753
BK0667,国家安防,1.84,485721088.0,0.73,687929344.0,1.03,-202208256.0,-0.3,-843994880.0,-1.26,367510784.0,0.55,航宇微,300053
BK0946,EDA概念,1.06,-85957504.0,-0.84,66668800.0,0.65,-152626304.0,-1.5,-18053584.0,-0.18,104011088.0,1.02,航宇微,300053
BK0969,汽车芯片,0.19,-3336756736.0,-4.53,-1888805888.0,-2.56,-1447950848.0,-1.97,1027760896.0,1.39,2288629248.0,3.11,航宇微,300053
BK1137,存储芯片,0.66,-7937668352.0,-5.29,-4826876160.0,-3.22,-3110792192.0,-2.07,2141431552.0,1.43,5767177216.0,3.84,航宇微,300053
BK1058,地下管网,2.19,450261696.0,3.66,114105840.0,0.93,336155856.0,2.73,-3617520.0,-0.03,-423831024.0,-3.44,东方雨虹,002271
BK0476,装修建材,1.72,160516816.0,1.61,16337760.0,0.16,144179056.0,1.45,-49230192.0,-0.49,-111286608.0,-1.12,东方雨虹,002271
BK1185,冰雪经济,0.57,-167672160.0,-1.24,57131536.0,0.42,-224803696.0,-1.66,-37714192.0,-0.28,205386320.0,1.52,东方雨虹,002271
BK0724,海绵城市,1.52,-553847712.0,-3.21,-870096480.0,-5.04,316248768.0,1.83,210342912.0,1.22,343504896.0,1.99,东方雨虹,002271
BK0425,工程建设,1.69,343323552.0,1.55,694044832.0,3.13,-350721280.0,-1.58,-471528448.0,-2.12,145232384.0,0.65,高新发展,000628
BK0721,PPP模式,1.09,196992256.0,0.54,521018112.0,1.44,-324025856.0,-0.9,-388639232.0,-1.08,191646976.0,0.53,高新发展,000628
BK0534,成渝特区,1.19,-787746048.0,-1.85,-363965184.0,-0.86,-423780864.0,-1.0,111302656.0,0.26,676443392.0,1.59,高新发展,000628
BK0524,参股期货,-0.33,-4143302656.0,-10.11,-3922418432.0,-9.57,-220884224.0,-0.54,1728696064.0,4.22,2414606848.0,5.89,高新发展,000628
BK0173,贵州板块,1.22,224209584.0,1.16,577503152.0,2.98,-353293568.0,-1.82,-101470976.0,-0.52,-163227152.0,-0.84,航天电器,002025
BK1195,2025中报预减,1.19,-497203456.0,-0.56,282442496.0,0.32,-779645952.0,-0.88,-689143552.0,-0.78,1186347008.0,1.34,航天电器,002025
BK0823,养老金,0.88,-1441218560.0,-1.72,-275880448.0,-0.33,-1165338112.0,-1.39,-293991936.0,-0.35,1735210240.0,2.07,航天电器,002025
BK0459,电子元件,0.62,-4703329792.0,-4.13,-3680163840.0,-3.23,-1023165952.0,-0.9,1732873216.0,1.52,2956611584.0,2.6,航天电器,002025
BK1125,电子后视镜,0.33,-18342640.0,-0.18,-115920.0,0.0,-18226720.0,-0.18,-179654368.0,-1.8,197997024.0,1.98,豪威集团,603501
BK1000,宁组合,0.02,-1570343680.0,-2.65,-1570213120.0,-2.65,-130560.0,0.0,631749120.0,1.06,938594560.0,1.58,豪威集团,603501
BK0901,3D摄像头,-0.32,-2152744304.0,-10.63,-1068212592.0,-5.28,-1084531712.0,-5.36,749090304.0,3.7,1403653968.0,6.93,豪威集团,603501
BK0935,中芯概念,0.25,-5551980032.0,-5.06,-3829287936.0,-3.49,-1722692096.0,-1.57,2174962432.0,1.98,3394849536.0,3.09,豪威集团,603501
BK1146,减肥药,1.19,-65790144.0,-0.53,-40673904.0,-0.33,-25116240.0,-0.2,137026880.0,1.11,-78353184.0,-0.63,翰宇药业,300199
BK0939,辅助生殖,1.32,-98581776.0,-0.64,-41181248.0,-0.27,-57400528.0,-0.37,-66326784.0,-0.43,164908544.0,1.07,翰宇药业,300199
BK1056,幽门螺杆菌概念,1.79,-124507344.0,-1.07,1006784.0,0.01,-125514128.0,-1.07,87933312.0,0.75,36574016.0,0.31,翰宇药业,300199
BK1174,合成生物,1.18,-560632176.0,-1.66,78333328.0,0.23,-638965504.0,-1.9,-345161472.0,-1.02,877901312.0,2.61,翰宇药业,300199
BK0895,维生素,0.66,-88513056.0,-0.98,4806960.0,0.05,-93320016.0,-1.03,-87883264.0,-0.97,179384656.0,1.98,华润三九,000999
BK0676,独家药品,0.33,-145140560.0,-1.93,-115750496.0,-1.54,-29390064.0,-0.39,-12226464.0,-0.16,157367024.0,2.09,华润三九,000999
BK0974,化妆品概念,0.73,-298339008.0,-2.41,-142756576.0,-1.15,-155582432.0,-1.26,-36977280.0,-0.3,306161552.0,2.48,华润三九,000999
BK1040,中药,0.79,-513038240.0,-4.73,-406693808.0,-3.75,-106344432.0,-0.98,80208128.0,0.74,434072464.0,4.0,华润三九,000999
BK0545,通用设备,1.84,816109568.0,0.93,1874069248.0,2.13,-1057959680.0,-1.2,-1355571200.0,-1.54,796896000.0,0.9,巨力索具,002342
BK0155,河北板块,0.77,-234767600.0,-0.71,205327888.0,0.62,-440095488.0,-1.33,-65550336.0,-0.2,293129472.0,0.89,巨力索具,002342
BK0896,白酒,0.46,-665195648.0,-3.96,-221724288.0,-1.32,-443471360.0,-2.64,350204416.0,2.09,314991632.0,1.88,巨力索具,002342
BK1130,时空大数据,3.67,727433984.0,2.06,735630336.0,2.08,-8196352.0,-0.02,-529174528.0,-1.5,-137321216.0,-0.39,航天宏图,688066
BK0966,碳交易,1.34,-949977856.0,-2.0,-31325184.0,-0.07,-918652672.0,-1.94,-393322496.0,-0.83,1348675072.0,2.84,航天宏图,688066
BK0528,转债标的,1.09,-3745709056.0,-1.97,-1305615104.0,-0.69,-2440093952.0,-1.28,320411904.0,0.17,3425296640.0,1.8,航天宏图,688066
BK0983,核污染防治,3.39,583985360.0,3.12,575125968.0,3.07,8859392.0,0.05,-239112192.0,-1.28,-344623616.0,-1.84,兰石重装,603169
BK0152,甘肃板块,1.09,-223940272.0,-1.37,248782016.0,1.53,-472722288.0,-2.9,-169510912.0,-1.04,393451264.0,2.41,兰石重装,603169
BK0492,煤化工,0.1,-1442865408.0,-3.33,-613352960.0,-1.41,-829512448.0,-1.91,99330304.0,0.23,1343450624.0,3.1,兰石重装,603169
BK1119,PLC概念,2.78,373678016.0,4.79,332019952.0,4.25,41658064.0,0.53,-284791088.0,-3.65,-88886928.0,-1.14,宝信软件,600845
BK0498,AB股,0.96,-103681328.0,-0.56,202518848.0,1.09,-306200176.0,-1.65,-90742272.0,-0.49,194423808.0,1.05,宝信软件,600845
BK1189,腾讯云,1.47,-162422224.0,-0.71,171362352.0,0.75,-333784576.0,-1.46,-266286080.0,-1.16,428708096.0,1.87,宝信软件,600845
BK1053,低价股,1.23,298378752.0,1.11,369508352.0,1.37,-71129600.0,-0.26,-402138368.0,-1.49,103759360.0,0.39,中公教育,002607
BK0740,教育,1.59,211908640.0,3.98,174010560.0,3.27,37898080.0,0.71,-126063184.0,-2.37,-85845440.0,-1.61,中公教育,002607
BK0692,旅游概念,0.66,-917074128.0,-4.2,-391040464.0,-1.79,-526033664.0,-2.41,34685440.0,0.16,882388736.0,4.04,中公教育,002607
BK1192,雅下水电概念,1.29,264921088.0,0.82,574859520.0,1.78,-309938432.0,-0.96,-264852736.0,-0.82,-5587456.0,-0.02,华菱线缆,001208
BK0457,电网设备,1.26,-1254272512.0,-1.91,-306408704.0,-0.47,-947863808.0,-1.44,-496347392.0,-0.76,1681211648.0,2.56,华菱线缆,001208
BK0817,昨日触板,1.9,-3261429248.0,-3.88,-2308317696.0,-2.74,-953111552.0,-1.13,428332800.0,0.51,2833096192.0,3.37,华菱线缆,001208
BK1148,BC电池,1.73,200603936.0,1.06,415250976.0,2.2,-214647040.0,-1.14,-198607360.0,-1.05,104757248.0,0.56,钧达股份,002865
BK1097,TOPCon电池,1.37,128764960.0,0.41,31557408.0,0.1,97207552.0,0.31,-168476416.0,-0.53,39711232.0,0.13,钧达股份,002865
BK0176,海南板块,0.26,-319059184.0,-1.57,12933392.0,0.06,-331992576.0,-1.63,-139767808.0,-0.69,458826752.0,2.25,钧达股份,002865
BK0881,3D玻璃,1.99,137113696.0,0.7,-338424992.0,-1.73,475538688.0,2.43,100646912.0,0.51,-237760512.0,-1.22,蓝思科技,300433
BK0674,蓝宝石,1.14,21860608.0,0.08,-226572288.0,-0.87,248432896.0,0.95,48703232.0,0.19,-70564096.0,-0.27,蓝思科技,300433
BK0840,OLED,0.57,-7863187456.0,-5.57,-5903376128.0,-4.18,-1959811328.0,-1.39,1784993536.0,1.26,6071622400.0,4.3,蓝思科技,300433
BK0928,抖音小店,1.29,137014112.0,1.69,129394688.0,1.59,7619424.0,0.09,-71989168.0,-0.89,-68920192.0,-0.85,美年健康,002044
BK0727,医疗服务,2.06,-37965408.0,-0.16,-66648672.0,-0.28,28683264.0,0.12,72599552.0,0.3,-34633984.0,-0.14,美年健康,002044
BK0693,基因测序,1.99,-414564112.0,-1.69,-569659920.0,-2.33,155095808.0,0.63,97511424.0,0.4,307433728.0,1.26,美年健康,002044
BK1075,电子身份证,1.22,55480816.0,0.36,-22227776.0,-0.15,77708592.0,0.51,-84747776.0,-0.56,29266688.0,0.19,汉威科技,300007
BK0458,仪器仪表,0.9,2501024.0,0.02,-11228752.0,-0.07,13729776.0,0.09,2704384.0,0.02,-76285184.0,-0.5,汉威科技,300007
BK0898,胎压监测,0.11,-232140640.0,-1.49,-399325632.0,-2.56,167184992.0,1.07,66953984.0,0.43,165186560.0,1.06,汉威科技,300007
BK1057,电子纸概念,1.19,8543584.0,0.1,32495696.0,0.4,-23952112.0,-0.29,1689728.0,0.02,-10233328.0,-0.13,深天马Ａ,000050
BK0948,MicroLED,0.47,-44496656.0,-0.27,170690320.0,1.04,-215186976.0,-1.31,-24389120.0,-0.15,68885856.0,0.42,深天马Ａ,000050
BK0699,全息技术,0.74,-615663792.0,-5.59,-400001968.0,-3.63,-215661824.0,-1.96,310193248.0,2.81,305470544.0,2.77,深天马Ａ,000050
BK1009,元宇宙概念,1.31,-371032832.0,-0.32,387045376.0,0.33,-758078208.0,-0.64,-221319680.0,-0.19,591602176.0,0.5,硕贝德,300322
BK0722,虚拟现实,1.14,-4370123520.0,-2.43,-2006896384.0,-1.12,-2363227136.0,-1.32,595171584.0,0.33,3748967936.0,2.09,硕贝德,300322
BK1178,AI眼镜,0.49,-5036484864.0,-4.36,-2841438720.0,-2.46,-2195046144.0,-1.9,1411107584.0,1.22,3601780480.0,3.12,硕贝德,300322
BK0849,京东金融,0.09,-407181680.0,-3.78,24434464.0,0.23,-431616144.0,-4.0,89548512.0,0.83,317633184.0,2.95,神州信息,000555
BK1071,跨境支付,0.94,-1035723264.0,-2.15,-749115392.0,-1.56,-286607872.0,-0.6,127164672.0,0.26,885299712.0,1.84,神州信息,000555
BK1193,海南自贸,0.58,-1770950144.0,-3.3,-759690496.0,-1.42,-1011259648.0,-1.89,-12497408.0,-0.02,1780263680.0,3.32,神州信息,000555
BK0736,通信服务,1.91,-574387200.0,-1.99,-113454592.0,-0.39,-460932608.0,-1.6,-126627840.0,-0.44,701015040.0,2.43,中国联通,600050
BK1047,数据安全,1.66,-917124096.0,-1.47,-30662144.0,-0.05,-886461952.0,-1.42,-651961856.0,-1.05,1574590208.0,2.53,中国联通,600050
BK1112,破净股,0.44,-1501231616.0,-1.76,-1507798784.0,-1.76,6567168.0,0.01,387097088.0,0.45,1113269760.0,1.3,中国联通,600050
BK1155,小米汽车,0.84,-660027392.0,-0.76,-726542848.0,-0.84,66515456.0,0.08,-635087104.0,-0.73,1292532992.0,1.49,万向钱潮,000559
BK0172,浙江板块,0.91,-6884794880.0,-2.56,-3097532928.0,-1.15,-3787261952.0,-1.41,358838272.0,0.13,6564753408.0,2.44,万向钱潮,000559
BK0900,新能源车,0.55,-18330620160.0,-3.95,-12305072384.0,-2.65,-6025547776.0,-1.3,3347025920.0,0.72,14948855808.0,3.22,万向钱潮,000559
BK1115,跨境电商,1.03,-969411584.0,-1.62,-230870016.0,-0.38,-738541568.0,-1.23,-132409344.0,-0.22,1043767552.0,1.74,易点天下,301171
BK1190,虚拟机器人,0.73,-2088212480.0,-7.52,-1665614848.0,-6.0,-422597632.0,-1.52,892466944.0,3.21,1196602624.0,4.31,易点天下,301171
BK1126,ChatGPT概念,1.13,-2728012288.0,-3.24,-1314402560.0,-1.56,-1413609728.0,-1.68,557064192.0,0.66,2170948096.0,2.58,易点天下,301171
BK1052,动力电池回收,-0.17,-3663423744.0,-6.03,-2582327296.0,-4.25,-1081096448.0,-1.78,623028736.0,1.03,3032401408.0,4.99,宁德时代,300750
BK0988,钠离子电池,-0.25,-4092445440.0,-6.86,-3152858112.0,-5.29,-939587328.0,-1.58,310582016.0,0.52,3780297472.0,6.34,宁德时代,300750
BK1173,锂矿概念,-1.03,-4605557760.0,-6.66,-3147473152.0,-4.55,-1458084608.0,-2.11,435386368.0,0.63,4170171136.0,6.03,宁德时代,300750
BK1085,痘病毒防治,2.34,487047296.0,2.94,370163184.0,2.23,116884112.0,0.71,-254000128.0,-1.53,-233047296.0,-1.41,乐普医疗,300003
BK0868,GDR,-1.08,-1467456256.0,-6.66,-1256825344.0,-5.7,-210630912.0,-0.96,371626752.0,1.69,1095829504.0,4.97,乐普医疗,300003
BK1080,新型城镇化,1.98,406327712.0,2.37,432974128.0,2.53,-26646416.0,-0.16,-390452992.0,-2.28,-9390848.0,-0.05,中化岩土,002542
BK0604,参股保险,0.68,-1708043776.0,-3.26,-1278610432.0,-2.44,-429433344.0,-0.82,331347200.0,0.63,1376696576.0,2.63,中化岩土,002542
BK1177,荣耀概念,0.44,325961984.0,0.88,20033536.0,0.05,305928448.0,0.83,-243502336.0,-0.66,-82459904.0,-0.22,东田微,301183
BK1002,激光雷达,0.38,-785412864.0,-1.91,-293302272.0,-0.71,-492110592.0,-1.19,91259648.0,0.22,694152960.0,1.68,东田微,301183
BK0730,农药兽药,0.85,317566944.0,3.78,316240912.0,3.77,1326032.0,0.02,-258883232.0,-3.08,-58777504.0,-0.7,联化科技,002250
BK0899,CRO,1.08,15586928.0,0.1,-25723424.0,-0.17,41310352.0,0.27,-499200.0,0.0,-15479152.0,-0.1,联化科技,002250
BK1043,专业服务,1.82,281443984.0,2.36,200893152.0,1.68,80550832.0,0.67,-30549824.0,-0.26,-279919904.0,-2.34,西测测试,301306
BK0520,社保重仓,0.31,88962336.0,1.73,36920544.0,0.72,52041792.0,1.01,-34602784.0,-0.67,-54359568.0,-1.05,西测测试,301306
BK0957,拼多多概念,2.11,259106304.0,1.84,343305776.0,2.44,-84199472.0,-0.6,-78963968.0,-0.56,-175545376.0,-1.25,每日互动,300766
BK1143,空间计算,3.03,250553376.0,3.4,148912608.0,2.02,101640768.0,1.38,-30050096.0,-0.41,-159564672.0,-2.16,每日互动,300766
BK1092,麒麟电池,1.2,242822240.0,1.31,48999520.0,0.26,193822720.0,1.05,-677731328.0,-3.66,434909056.0,2.35,富临精工,300432
BK1089,汽车热管理,0.49,-2875899648.0,-5.79,-1523621376.0,-3.07,-1352278272.0,-2.72,197089024.0,0.4,2653117696.0,5.34,富临精工,300432
BK0807,共享经济,1.36,139642400.0,2.82,111253712.0,2.24,28388688.0,0.57,-78425104.0,-1.58,-61217296.0,-1.24,迪安诊断,300244
BK0894,阿兹海默,1.52,-41436688.0,-0.93,-116420320.0,-2.62,74983632.0,1.69,63166000.0,1.42,-21729296.0,-0.49,迪安诊断,300244
BK0725,装修装饰,1.68,116286272.0,2.08,135754640.0,2.42,-19468368.0,-0.35,-83856640.0,-1.5,-37264000.0,-0.67,志特新材,300986
BK0816,昨日连板,5.51,-2654204416.0,-5.62,-1443944192.0,-3.06,-1210260224.0,-2.56,819169024.0,1.74,1835035648.0,3.89,志特新材,300986
BK0944,肝素概念,0.61,25591138.0,0.98,-27427422.0,-1.05,53018560.0,2.03,37177488.0,1.42,-62768624.0,-2.4,复星医药,600196
BK0872,青蒿素,1.03,-390028128.0,-10.46,-406630176.0,-10.91,16602048.0,0.45,235747184.0,6.32,154280944.0,4.14,复星医药,600196
BK1079,户外露营,0.93,25327536.0,0.74,39836672.0,1.17,-14509136.0,-0.43,-74680080.0,-2.2,47577472.0,1.4,际华集团,601718
BK0436,纺织服装,0.91,-325380640.0,-2.15,8225392.0,0.05,-333606032.0,-2.2,-56457984.0,-0.37,377943552.0,2.5,际华集团,601718
BK0938,代糖概念,1.11,4045067.0,0.18,18914907.0,0.85,-14869840.0,-0.67,11859760.0,0.53,-15904848.0,-0.71,太阳纸业,002078
BK0470,造纸印刷,0.43,-152979616.0,-2.47,-94161712.0,-1.52,-58817904.0,-0.95,-18746096.0,-0.3,177032064.0,2.85,太阳纸业,002078
BK0739,工程机械,-0.07,-15550672.0,-0.14,-89903328.0,-0.81,74352656.0,0.67,16386736.0,0.15,-20556832.0,-0.18,恒立液压,601100
BK0991,工程机械概念,0.65,-46801680.0,-0.29,-104515488.0,-0.65,57713808.0,0.36,-35430144.0,-0.22,97920512.0,0.61,恒立液压,601100
BK1073,啤酒概念,0.15,-29207031.0,-1.21,-33171447.0,-1.37,3964416.0,0.16,38971808.0,1.62,-9764768.0,-0.4,燕京啤酒,000729
BK0477,酿酒行业,0.01,-716537360.0,-6.35,-311578080.0,-2.76,-404959280.0,-3.59,375218064.0,3.32,341319424.0,3.02,燕京啤酒,000729
BK1026,调味品概念,0.43,-30923024.0,-0.58,-5341072.0,-0.1,-25581952.0,-0.48,-16237344.0,-0.3,37501520.0,0.7,安记食品,603696
BK0438,食品饮料,0.75,-360348208.0,-1.56,-260649776.0,-1.12,-99698432.0,-0.43,-24878592.0,-0.11,370625536.0,1.6,安记食品,603696
BK0677,粤港自贸,1.05,-48795712.0,-0.27,14472384.0,0.08,-63268096.0,-0.35,-142372864.0,-0.78,187858688.0,1.03,招商蛇口,001979
BK0927,免税概念,-0.17,-1169424512.0,-6.28,-611584128.0,-3.29,-557840384.0,-3.0,217324800.0,1.17,952099584.0,5.12,招商蛇口,001979
BK0855,纳米银,0.5,-52239056.0,-0.69,-56830080.0,-0.76,4591024.0,0.06,-20063840.0,-0.27,72302912.0,0.96,西部材料,002149
BK0932,尾气治理,1.37,-1166050608.0,-4.9,-852247088.0,-3.58,-313803520.0,-1.32,167273728.0,0.7,991139328.0,4.16,西部材料,002149
BK0437,煤炭行业,-0.3,-55202896.0,-0.35,-54752912.0,-0.35,-449984.0,0.0,-230093568.0,-1.45,285296384.0,1.8,山西焦煤,000983
BK0167,山西板块,0.77,-476208528.0,-3.07,-319423008.0,-2.06,-156785520.0,-1.01,-85685504.0,-0.55,540600336.0,3.49,山西焦煤,000983
BK1142,裸眼3D,1.28,-76373216.0,-0.67,-60079808.0,-0.53,-16293408.0,-0.14,103036752.0,0.91,-26663520.0,-0.23,当虹科技,688039
BK1149,星闪概念,0.9,-152357520.0,-0.69,74179184.0,0.34,-226536704.0,-1.03,-185666048.0,-0.85,303333888.0,1.38,当虹科技,688039
BK0803,股权转让,1.09,-91202928.0,-1.1,69330864.0,0.83,-160533792.0,-1.93,-111007760.0,-1.34,204265232.0,2.46,天汽模,002510
BK1157,飞行汽车(eVTOL),1.54,-788314112.0,-1.3,-419201536.0,-0.69,-369112576.0,-0.61,1558784.0,0.0,731408384.0,1.2,天汽模,002510
BK0971,注册制次新股,0.81,-98002432.0,-0.29,117634304.0,0.35,-215636736.0,-0.63,-295910400.0,-0.87,393912576.0,1.16,摩尔线程-U,688795
BK0501,次新股,0.69,-353037312.0,-0.96,-19965440.0,-0.05,-333071872.0,-0.9,-357955072.0,-0.97,390176768.0,1.06,摩尔线程-U,688795
BK0949,氦气概念,3.87,-116376384.0,-0.66,364953120.0,2.08,-481329504.0,-2.75,-262849024.0,-1.5,379225344.0,2.16,杭氧股份,002430
BK0981,工业气体,2.16,-1904464128.0,-5.7,-1656577280.0,-4.96,-247886848.0,-0.74,542806272.0,1.62,1366499072.0,4.09,杭氧股份,002430
BK0985,换电概念,1.06,-125962864.0,-0.6,-153985136.0,-0.74,28022272.0,0.13,-188387840.0,-0.9,326305024.0,1.56,中航光电,002179
BK0925,北交所概念,1.07,-229047920.0,-1.59,-56903216.0,-0.4,-172144704.0,-1.2,-16139008.0,-0.11,245186928.0,1.71,中航光电,002179
BK1093,汽车一体化压铸,0.25,-203697216.0,-2.12,-110384016.0,-1.15,-93313200.0,-0.97,-115059376.0,-1.2,318756592.0,3.32,宗申动力,001696
BK0924,地摊经济,0.41,-419794496.0,-3.81,-216780000.0,-1.97,-203014496.0,-1.84,183412208.0,1.67,236382304.0,2.15,宗申动力,001696
BK1008,国资云概念,1.34,-287554128.0,-1.98,139544960.0,0.96,-427099088.0,-2.94,-54995456.0,-0.38,342549712.0,2.36,常山北明,000158
BK0539,综合行业,0.35,-382015024.0,-4.98,-140013280.0,-1.82,-242001744.0,-3.15,154000624.0,2.01,228014384.0,2.97,常山北明,000158
BK0428,电力行业,0.6,-353806464.0,-1.64,-32744576.0,-0.15,-321061888.0,-1.49,-44034304.0,-0.2,397840640.0,1.84,中国核电,601985
BK1024,绿色电力,0.92,-1613349632.0,-2.78,-327843840.0,-0.57,-1285505792.0,-2.22,90783744.0,0.16,1536907264.0,2.65,中国核电,601985
BK0464,石油行业,0.62,-370562768.0,-5.73,-140379488.0,-2.17,-230183280.0,-3.56,61766688.0,0.95,308796096.0,4.77,国际实业,000159
BK0147,新疆板块,0.59,-1642572800.0,-4.49,-566370816.0,-1.55,-1076201984.0,-2.94,238709248.0,0.65,1381289728.0,3.78,国际实业,000159
BK0975,磁悬浮概念,1.49,-390282288.0,-1.8,-87064880.0,-0.4,-303217408.0,-1.4,-143842560.0,-0.66,534124800.0,2.46,神剑股份,002361
BK0454,塑料制品,1.01,-739343040.0,-2.55,-312603072.0,-1.08,-426739968.0,-1.47,-149790720.0,-0.52,886677248.0,3.06,神剑股份,002361
BK0990,快递概念,0.1,-461290480.0,-5.67,-200628896.0,-2.47,-260661584.0,-3.2,58351216.0,0.72,403892048.0,4.96,顺丰控股,002352
BK0422,物流行业,0.37,-611180464.0,-5.95,-351079200.0,-3.42,-260101264.0,-2.53,200675888.0,1.95,413696816.0,4.03,顺丰控股,002352
BK0732,贵金属,-0.79,-856667008.0,-7.0,-582423952.0,-4.76,-274243056.0,-2.24,300536944.0,2.46,556130048.0,4.55,山东黄金,600547
BK0547,黄金概念,-0.18,-4684186112.0,-7.1,-2846074368.0,-4.31,-1838111744.0,-2.79,621938944.0,0.94,4062246912.0,6.16,山东黄金,600547
BK0825,新零售,0.78,-1110922496.0,-2.19,-296889344.0,-0.58,-814033152.0,-1.6,26963200.0,0.05,1080064000.0,2.13,鼎捷数智,300378
BK0842,富士康,-0.19,-1913310720.0,-5.46,-1605222656.0,-4.58,-308088064.0,-0.88,818028288.0,2.33,1095282688.0,3.12,鼎捷数智,300378
BK0984,华为汽车,0.63,-2099379968.0,-2.52,-1181130240.0,-1.42,-918249728.0,-1.1,-167781632.0,-0.2,2276050688.0,2.74,天银机电,300342
BK0535,QFII重仓,1.18,-2875840768.0,-2.12,-2104311296.0,-1.55,-771529472.0,-0.57,217736192.0,0.16,2658104320.0,1.96,天银机电,300342
BK0473,证券,-2.06,-5333941504.0,-11.09,-4679814400.0,-9.73,-654127104.0,-1.36,2442583040.0,5.08,2891358208.0,6.01,广发证券,000776
BK0711,券商概念,-2.04,-7861405440.0,-11.68,-6652963584.0,-9.88,-1208441856.0,-1.79,3568477184.0,5.3,4292928000.0,6.38,广发证券,000776
BK1161,英伟达概念,0.27,-5374250240.0,-6.9,-3520176128.0,-4.52,-1854074112.0,-2.38,1360426240.0,1.75,3785998592.0,4.86,罗博特科,300757
BK1128,CPO概念,-0.59,-11282022144.0,-8.98,-8261870080.0,-6.57,-3020152064.0,-2.4,6917785600.0,5.5,4137398272.0,3.29,罗博特科,300757
BK1036,半导体,0.83,-5736871424.0,-2.52,-2714457600.0,-1.19,-3022413824.0,-1.33,1439460864.0,0.63,4277046528.0,1.88,海光信息,688041
BK1059,百元股,0.06,-17721929728.0,-4.52,-12958949376.0,-3.31,-4762980352.0,-1.22,8861138944.0,2.26,8603401728.0,2.2,海光信息,688041
BK0814,大飞机,3.71,4468256768.0,3.17,3690038016.0,2.61,778218752.0,0.55,-2325739264.0,-1.65,-2134618112.0,-1.51,中航机载,600372
BK0165,陕西板块,1.74,773925632.0,1.07,1161329408.0,1.61,-387403776.0,-0.54,-758685952.0,-1.05,188791808.0,0.26,中航西飞,000768
BK0995,华为昇腾,2.0,445748416.0,1.69,796292032.0,3.01,-350543616.0,-1.33,-373368832.0,-1.41,-72379648.0,-0.27,创新医疗,002173
BK1180,华为海思,1.05,404158720.0,1.26,664133632.0,2.07,-259974912.0,-0.81,-214687232.0,-0.67,-239150080.0,-0.75,宏达电子,300726
BK1014,发电机概念,1.59,397388704.0,4.83,255613680.0,3.11,141775024.0,1.72,-243895872.0,-2.96,-153492864.0,-1.87,科泰电源,300153
BK0158,湖南板块,1.29,325097984.0,0.52,432241920.0,0.69,-107143936.0,-0.17,-418758400.0,-0.67,37847296.0,0.06,亚光科技,300123
BK0606,油气设服,1.53,292561888.0,1.36,374254816.0,1.74,-81692928.0,-0.38,-189906432.0,-0.88,-143825152.0,-0.67,中科信息,300678
BK0546,玻璃玻纤,0.99,219911792.0,1.51,312844624.0,2.15,-92932832.0,-0.64,-165346048.0,-1.14,-3397888.0,-0.02,九鼎新材,002201
BK0424,水泥建材,2.17,195466528.0,2.58,310082064.0,4.09,-114615536.0,-1.51,-227447632.0,-3.0,31981088.0,0.42,三和管桩,003037
BK0703,超级电容,0.65,178060896.0,0.96,319071584.0,1.73,-141010688.0,-0.76,-50683648.0,-0.27,-127377408.0,-0.69,中信重工,601608
BK1045,房地产服务,1.98,171651836.0,5.99,117282156.0,4.09,54369680.0,1.9,-122284800.0,-4.27,-49367040.0,-1.72,世联行,002285
BK1094,钙钛矿电池,1.53,168350464.0,0.59,141494784.0,0.5,26855680.0,0.09,-32197632.0,-0.11,-130705408.0,-0.46,东方日升,300118
BK1017,采掘行业,1.48,143544784.0,2.19,99980816.0,1.52,43563968.0,0.66,-105123248.0,-1.6,-65843680.0,-1.0,海油工程,600583
BK0566,滨海新区,1.34,97778432.0,2.27,105524848.0,2.45,-7746416.0,-0.18,-47908240.0,-1.11,-49870192.0,-1.16,鹏翎股份,300375
BK1076,建筑节能,1.74,97390016.0,1.04,60123712.0,0.64,37266304.0,0.4,-74648320.0,-0.8,-16257872.0,-0.17,中衡设计,603017
BK1132,MLOps概念,1.3,74598384.0,1.15,55220272.0,0.85,19378112.0,0.3,-40576592.0,-0.63,-34021776.0,-0.53,星环科技-U,688031
BK1072,中俄贸易概念,1.36,69088032.0,0.29,604587296.0,2.49,-535499264.0,-2.21,-107459072.0,-0.44,35673088.0,0.15,南兴股份,002757
BK1013,华为欧拉,1.62,58885744.0,0.61,193765136.0,2.0,-134879392.0,-1.39,-89895408.0,-0.93,7751056.0,0.08,润和软件,300339
BK1103,熔盐储能,2.03,27202608.0,0.79,30189200.0,0.87,-2986592.0,-0.09,-5445920.0,-0.16,-28246976.0,-0.82,合康新能,300048
BK1044,生物制品,1.08,24192816.0,0.15,-84008672.0,-0.54,108201488.0,0.69,26335488.0,0.17,-114269920.0,-0.73,安科生物,300009
BK1065,气溶胶检测,0.96,18876208.0,0.45,151249568.0,3.59,-132373360.0,-3.14,-13205104.0,-0.31,-5671088.0,-0.13,禾信仪器,688622
BK0734,珠宝首饰,0.52,18632931.0,1.07,71651.0,0.0,18561280.0,1.07,-20874176.0,-1.2,2241248.0,0.13,潮宏基,002345
BK0486,文化传媒,1.68,1667328.0,0.0,551864064.0,0.99,-550196736.0,-0.99,-560015104.0,-1.01,592367872.0,1.07,分众传媒,002027
BK0636,B股,0.15,1104142.0,1.26,1274770.0,1.45,-170628.0,-0.19,1359138.0,1.55,-2463281.0,-2.8,京东方Ｂ,200725
BK0622,地热能,1.75,563038.0,0.02,-5447794.0,-0.2,6010832.0,0.22,28009056.0,1.03,-28572096.0,-1.05,隆华科技,300263
BK0979,低碳冶金,0.67,-5071120.0,-0.21,-22439072.0,-0.94,17367952.0,0.73,-13346208.0,-0.56,18417328.0,0.77,首钢股份,000959
BK0862,超级真菌,1.36,-10755040.0,-0.15,-6515664.0,-0.09,-4239376.0,-0.06,136894064.0,1.9,-126139024.0,-1.75,诚意药业,603811
BK1082,噪声防治,1.2,-11709458.0,-0.71,5560030.0,0.34,-17269488.0,-1.04,-1879168.0,-0.11,13588640.0,0.82,时代新材,600458
BK0698,免疫治疗,0.95,-16377648.0,-0.18,-18067584.0,-0.2,1689936.0,0.02,-12105120.0,-0.13,28482768.0,0.32,北陆药业,300016
BK1098,生物质能发电,1.39,-18747968.0,-0.4,3047472.0,0.07,-21795440.0,-0.47,9614832.0,0.21,9133136.0,0.2,圣元环保,300867
BK0685,举牌,1.0,-19550424.0,-3.05,3586685.0,0.56,-23137109.0,-3.61,24701333.0,3.85,-5150908.0,-0.8,四川路桥,600039
BK0818,可燃冰,0.66,-24579395.0,-0.93,-22808995.0,-0.87,-1770400.0,-0.07,44187488.0,1.68,-19608080.0,-0.74,南钢股份,600282
BK0926,湖北自贸,1.39,-25401856.0,-0.09,310440192.0,1.08,-335842048.0,-1.16,91378432.0,0.32,-65976576.0,-0.23,锐科激光,300747
BK1084,数字哨兵,1.27,-35701515.0,-1.33,6068949.0,0.23,-41770464.0,-1.56,-114525808.0,-4.27,150227312.0,5.61,汇纳科技,300609
BK0866,人造肉,1.1,-46124096.0,-1.3,40103552.0,1.13,-86227648.0,-2.43,-74017904.0,-2.08,120141984.0,3.38,山东赫达,002810
BK1035,美容护理,0.7,-51168236.0,-1.35,-68530556.0,-1.81,17362320.0,0.46,-13114256.0,-0.35,64282496.0,1.7,嘉亨家化,300955
BK0484,贸易行业,0.63,-51947264.0,-0.65,21628080.0,0.27,-73575344.0,-0.93,-83287504.0,-1.05,126541744.0,1.59,建发股份,600153
BK0982,电子车牌,1.35,-65280192.0,-1.0,4755248.0,0.07,-70035440.0,-1.07,-172013056.0,-2.63,237293264.0,3.62,易华录,300212
BK1028,燃气,1.0,-65753296.0,-1.01,34759200.0,0.54,-100512496.0,-1.55,-19061440.0,-0.29,78917440.0,1.22,大众公用,600635
BK0958,虚拟电厂,1.2,-68479328.0,-0.31,-127070048.0,-0.58,58590720.0,0.27,-249420544.0,-1.14,319234304.0,1.46,海得控制,002184
BK0162,宁夏板块,0.9,-78569616.0,-1.98,-87098288.0,-2.19,8528672.0,0.21,-51018832.0,-1.29,126366416.0,3.18,美利云,000815
BK1113,复合集流体,0.68,-86095264.0,-0.83,13363312.0,0.13,-99458576.0,-0.96,44895296.0,0.43,41199968.0,0.4,可川科技,603052
BK0427,公用事业,0.37,-98799171.0,-4.16,-38464995.0,-1.62,-60334176.0,-2.54,11883552.0,0.5,86915632.0,3.66,钱江水利,600283
BK1129,数字水印,1.43,-102893248.0,-1.41,-19723872.0,-0.27,-83169376.0,-1.14,-96636896.0,-1.33,199530144.0,2.74,北信源,300352
BK1199,2025三季报预减,1.46,-111600101.0,-5.07,-71389541.0,-3.24,-40210560.0,-1.83,11911568.0,0.54,118138512.0,5.36,成电光信,920008
BK0440,家用轻工,0.68,-112969113.0,-2.23,8829271.0,0.17,-121798384.0,-2.4,-61659280.0,-1.22,167980624.0,3.31,德力股份,002571
BK1007,植物照明,0.24,-115066400.0,-2.17,-102128.0,0.0,-114964272.0,-2.17,-62672880.0,-1.18,177739280.0,3.36,三安光电,600703
BK0421,铁路公路,-0.04,-119487072.0,-3.46,-106005008.0,-3.07,-13482064.0,-0.39,114835680.0,3.33,4651408.0,0.13,山东高速,600350
BK1016,汽车服务,0.06,-119871501.0,-8.43,-66209325.0,-4.66,-53662176.0,-3.77,21629280.0,1.52,94167440.0,6.62,上海物贸,600822
BK1063,重组蛋白,0.85,-120152480.0,-2.78,-100904912.0,-2.33,-19247568.0,-0.44,17498288.0,0.4,38503616.0,0.89,可孚医疗,301087
BK1099,轮毂电机,0.11,-126476718.0,-7.27,-63640958.0,-3.66,-62835760.0,-3.61,578912.0,0.03,125897792.0,7.24,佳电股份,000922
BK0738,多元金融,-0.22,-141078336.0,-1.69,-94153840.0,-1.13,-46924496.0,-0.56,-37478064.0,-0.45,178556384.0,2.14,浙江东方,600120
BK1109,供销社概念,-0.01,-143649872.0,-4.76,-165046288.0,-5.47,21396416.0,0.71,11924944.0,0.4,131724944.0,4.37,天禾股份,002999
BK1069,智慧灯杆,1.56,-147959280.0,-2.02,-85393024.0,-1.17,-62566256.0,-0.85,-154126464.0,-2.1,302085744.0,4.12,洲明科技,300232
BK0996,毛发医疗,0.91,-151615557.0,-4.74,-55020645.0,-1.72,-96594912.0,-3.02,-28245952.0,-0.88,179861504.0,5.62,九芝堂,000989
BK0887,鸡肉概念,0.52,-157510835.0,-6.35,-97020099.0,-3.91,-60490736.0,-2.44,24032240.0,0.97,133478608.0,5.38,益生股份,002458
BK1074,托育服务,0.07,-167085648.0,-6.25,-99825104.0,-3.74,-67260544.0,-2.52,-9872720.0,-0.37,176958352.0,6.62,和晶科技,300279
BK0805,钛白粉,-0.53,-176616448.0,-3.67,-153280352.0,-3.18,-23336096.0,-0.48,-68877760.0,-1.43,245494224.0,5.1,天原股份,002386
BK0479,钢铁行业,0.43,-188792448.0,-1.2,-58765312.0,-0.37,-130027136.0,-0.83,-93286656.0,-0.59,274924032.0,1.75,武进不锈,603878
BK1158,微盘股,2.01,-190468512.0,-0.61,354022752.0,1.12,-544491264.0,-1.73,-964980736.0,-3.07,1155449344.0,3.67,展鹏科技,603488
BK0843,天然气,1.4,-193788416.0,-0.4,620587264.0,1.29,-814375680.0,-1.7,-347045120.0,-0.72,536335616.0,1.12,天海防务,300008
BK0170,重庆板块,0.81,-198566128.0,-0.9,-51427568.0,-0.23,-147138560.0,-0.67,-115280896.0,-0.52,308046336.0,1.4,电科芯片,600877
BK0936,长寿药,0.79,-213335984.0,-4.01,-119163056.0,-2.24,-94172928.0,-1.77,78850816.0,1.48,136145456.0,2.56,兄弟科技,002562
BK1066,民爆概念,0.96,-218244736.0,-2.2,-110026256.0,-1.11,-108218480.0,-1.09,107181568.0,1.08,111063152.0,1.12,国泰集团,603977
BK0154,广西板块,0.47,-221285648.0,-2.21,-131210592.0,-1.31,-90075056.0,-0.9,-27052928.0,-0.27,248242192.0,2.48,天下秀,600556
BK0450,航运港口,0.43,-231333408.0,-2.53,-101645504.0,-1.11,-129687904.0,-1.42,-23449824.0,-0.26,232886096.0,2.54,招商南油,601975
BK0993,宠物经济,0.88,-235055632.0,-2.4,-71040464.0,-0.73,-164015168.0,-1.68,25891504.0,0.26,219754128.0,2.25,生物股份,600201
BK0603,页岩气,1.0,-248921024.0,-1.52,-59167168.0,-0.36,-189753856.0,-1.16,47905792.0,0.29,192846592.0,1.18,洪田股份,603800
BK0471,化纤行业,0.59,-258032704.0,-2.06,-163363616.0,-1.3,-94669088.0,-0.75,112947104.0,0.9,137260208.0,1.09,中简科技,300777
BK1116,抗菌面料,0.89,-267042480.0,-6.17,-165945200.0,-3.84,-101097280.0,-2.34,41716480.0,0.96,225326000.0,5.21,旷达科技,002516
BK0671,彩票概念,0.51,-278765648.0,-4.12,-117375456.0,-1.73,-161390192.0,-2.39,-35322416.0,-0.52,314088064.0,4.64,粤 传 媒,002181
BK0148,吉林板块,1.17,-284346640.0,-2.34,-104942384.0,-0.86,-179404256.0,-1.48,23292896.0,0.19,253454784.0,2.09,亚联发展,002316
BK0892,乳业,-0.16,-305430832.0,-3.63,-297757104.0,-3.53,-7673728.0,-0.09,-13517088.0,-0.16,309289040.0,3.67,福成股份,600965
BK0420,航空机场,-0.27,-305975712.0,-5.73,-190117664.0,-3.56,-115858048.0,-2.17,-21872880.0,-0.41,327848608.0,6.14,中信海直,000099
BK1025,预制菜概念,0.99,-328077056.0,-2.27,-64637584.0,-0.45,-263439472.0,-1.82,38542080.0,0.27,296297728.0,2.05,安井食品,603345
BK0511,ST股,1.0,-338898400.0,-2.68,-297028960.0,-2.35,-41869440.0,-0.33,115891968.0,0.92,221474400.0,1.75,ST太重,600169
BK1628,2025三季报扭亏,-0.35,-342666512.0,-8.57,-123757664.0,-3.1,-218908848.0,-5.47,27905216.0,0.7,263630704.0,6.59,ST远智,002689
BK0933,退税商店,0.33,-366456576.0,-6.77,-203264784.0,-3.76,-163191792.0,-3.02,85812544.0,1.59,280644016.0,5.19,茂业商业,600828
BK1165,娃哈哈概念,1.39,-366552256.0,-5.19,-241285312.0,-3.42,-125266944.0,-1.78,-13572688.0,-0.19,380124944.0,5.39,宁波色母,301019
BK0965,社区团购,0.81,-369335424.0,-3.01,-108010848.0,-0.88,-261324576.0,-2.13,48163344.0,0.39,321172064.0,2.62,若羽臣,003010
BK1032,风电设备,2.55,-371180288.0,-1.17,337843968.0,1.06,-709024256.0,-2.23,-65447936.0,-0.21,436628480.0,1.37,泰胜风能,300129
BK1108,科创板做市股,0.54,-386256128.0,-1.01,-490961664.0,-1.29,104705536.0,0.27,496152832.0,1.3,-109896448.0,-0.29,中控技术,688777
BK0882,猪肉概念,0.54,-386714000.0,-5.93,-149476704.0,-2.29,-237237296.0,-3.64,-17280496.0,-0.26,405923024.0,6.22,金新农,002548
BK0728,环保行业,1.19,-411324832.0,-2.15,-58433440.0,-0.31,-352891392.0,-1.85,-198877184.0,-1.04,607286784.0,3.18,东湖高新,600133
BK1011,环氧丙烷,0.02,-424807616.0,-4.86,-137221472.0,-1.57,-287586144.0,-3.29,83012368.0,0.95,335500336.0,3.83,卫星化学,002648
BK1187,小红书概念,1.86,-425303040.0,-0.69,-416095232.0,-0.68,-9207808.0,-0.01,130030592.0,0.21,291377152.0,0.47,三维通信,002115
BK1131,同步磁阻电机,0.31,-431750944.0,-5.25,-287796832.0,-3.5,-143954112.0,-1.75,34141888.0,0.41,397609072.0,4.83,伟创电气,688698
BK0679,超导概念,1.5,-488461568.0,-1.69,-219798016.0,-0.76,-268663552.0,-0.93,-67465984.0,-0.23,560987136.0,1.94,百利电气,600468
BK1030,电机,0.79,-561703824.0,-4.53,-208293120.0,-1.68,-353410704.0,-2.85,-24616288.0,-0.2,579096112.0,4.67,湘电股份,600416
BK1077,统一大市场,0.49,-583293280.0,-5.24,-201542800.0,-1.81,-381750480.0,-3.43,62666592.0,0.56,501921824.0,4.51,中远海科,002401
BK0913,消毒剂,0.33,-584330016.0,-2.98,-426797088.0,-2.18,-157532928.0,-0.8,336739328.0,1.72,247590400.0,1.26,新华医疗,600587
BK0163,青海板块,0.17,-590901104.0,-6.41,-373619248.0,-4.05,-217281856.0,-2.36,115568992.0,1.25,475332112.0,5.16,西部矿业,601168
BK1175,玻璃基板,0.63,-596462432.0,-2.42,-346880608.0,-1.41,-249581824.0,-1.01,370934272.0,1.5,234284800.0,0.95,凯盛科技,600552
BK1144,高压快充,0.71,-651966608.0,-2.25,-358899600.0,-1.24,-293067008.0,-1.01,18807296.0,0.07,633159680.0,2.19,银河电子,002519
BK1049,EDR概念,-0.93,-682344944.0,-6.06,-320072832.0,-2.84,-362272112.0,-3.22,76618400.0,0.68,605726544.0,5.38,三六零,601360
BK0951,刀片电池,-0.69,-715918560.0,-6.13,-487848176.0,-4.18,-228070384.0,-1.95,315126256.0,2.7,400792320.0,3.43,鹏辉能源,300438
BK0485,旅游酒店,-0.22,-770837952.0,-6.48,-426989040.0,-3.59,-343848912.0,-2.89,248449952.0,2.09,522388000.0,4.39,丽江股份,002033
BK0834,乡村振兴,0.76,-782143264.0,-2.49,-333638944.0,-1.06,-448504320.0,-1.43,-144631296.0,-0.46,916329216.0,2.91,徐工机械,000425
BK0174,西藏板块,-0.06,-785708896.0,-8.88,-533784144.0,-6.03,-251924752.0,-2.85,166472272.0,1.88,619236608.0,7.0,西藏天路,600326
BK1019,化学原料,0.08,-789790352.0,-3.91,-508373904.0,-2.52,-281416448.0,-1.39,141119488.0,0.7,648563200.0,3.21,凯盛新材,301069
BK0482,商业百货,0.64,-802068112.0,-3.23,-226353296.0,-0.91,-575714816.0,-2.32,46968832.0,0.19,755099392.0,3.04,三江购物,601116
BK1029,汽车整车,-0.09,-871866240.0,-5.32,-504496544.0,-3.08,-367369696.0,-2.24,277118976.0,1.69,594747152.0,3.63,金龙汽车,600686
BK1003,抽水蓄能,1.44,-889461248.0,-2.81,-131017216.0,-0.41,-758444032.0,-2.4,216083456.0,0.68,680800256.0,2.15,浙富控股,002266
BK0731,化肥行业,-0.04,-943733840.0,-6.28,-758991776.0,-5.05,-184742064.0,-1.23,283147536.0,1.88,660586256.0,4.39,云图控股,002539
BK1101,Chiplet概念,1.0,-945061376.0,-1.84,-77926144.0,-0.15,-867135232.0,-1.69,110150144.0,0.21,834910976.0,1.63,寒武纪-U,688256
BK0873,垃圾分类,1.22,-983507504.0,-3.19,-366900016.0,-1.19,-616607488.0,-2.0,55172864.0,0.18,932451584.0,3.02,航天晨光,600501
BK0943,汽车拆解,-0.3,-1039321136.0,-10.2,-899868352.0,-8.83,-139452784.0,-1.37,321936384.0,3.16,713309968.0,7.0,启迪环境,000826
BK0161,辽宁板块,1.14,-1126819216.0,-4.07,-486520720.0,-1.76,-640298496.0,-2.31,494683904.0,1.79,726177024.0,2.62,连城数控,920368
BK1012,PVDF概念,-0.2,-1287153184.0,-9.12,-717316160.0,-5.08,-569837024.0,-4.04,251752976.0,1.78,1035400208.0,7.33,黑猫股份,002068
BK0475,银行,-0.7,-1421277440.0,-5.11,-1539837440.0,-5.53,118560000.0,0.43,655658240.0,2.36,765619200.0,2.75,成都银行,601838
BK1048,IGBT概念,0.15,-1473595648.0,-3.99,-1363775744.0,-3.7,-109819904.0,-0.3,526057472.0,1.43,934278144.0,2.53,振华科技,000733
BK1145,机器人执行器,1.09,-1841306624.0,-5.13,-1088003072.0,-3.03,-753303552.0,-2.1,138124544.0,0.38,1703182336.0,4.75,丰立智能,301368
BK0160,江西板块,1.14,-2009961216.0,-4.78,-1100191488.0,-2.62,-909769728.0,-2.16,-8103936.0,-0.02,2022795264.0,4.81,泰豪科技,600590
BK0474,保险,-2.17,-2109148672.0,-10.9,-2010665728.0,-10.39,-98482944.0,-0.51,530910464.0,2.74,1578238320.0,8.16,中国人保,601319
BK1121,第四代半导体,-0.35,-2165166816.0,-11.51,-2053717216.0,-10.92,-111449600.0,-0.59,878797312.0,4.67,1286369504.0,6.84,衢州发展,600208
BK1152,高带宽内存,-1.13,-2548623360.0,-6.26,-1547089152.0,-3.8,-1001534208.0,-2.46,1265284864.0,3.11,1292094720.0,3.17,华特气体,688268
BK1197,反内卷概念,0.52,-2925792256.0,-3.31,-1412555008.0,-1.6,-1513237248.0,-1.71,-6656256.0,-0.01,2939105792.0,3.32,双良节能,600481
BK1107,科创板做市商,-2.86,-3241847040.0,-12.33,-3204117248.0,-12.19,-37729792.0,-0.14,1695148800.0,6.45,1546698240.0,5.88,国泰海通,601211
BK1039,电子化学品,0.27,-3337977856.0,-8.42,-2538773248.0,-6.41,-799204608.0,-2.02,926862848.0,2.34,2411115264.0,6.08,金宏气体,688106
BK1015,能源金属,-2.72,-3588899072.0,-10.04,-2614603776.0,-7.32,-974295296.0,-2.73,1147770112.0,3.21,2441128704.0,6.83,威领股份,002667
BK1088,F5G概念,0.87,-4679552256.0,-9.97,-3890009600.0,-8.29,-789542656.0,-1.68,4012766976.0,8.55,666785280.0,1.42,震有科技,688418
BK0812,贬值受益,0.68,-5474451456.0,-6.62,-4828326912.0,-5.84,-646124544.0,-0.78,3803699200.0,4.6,1635992320.0,1.98,欧陆通,300870
BK0690,氟化工,-0.78,-5529771264.0,-10.6,-4024370944.0,-7.71,-1505400320.0,-2.89,1435458560.0,2.75,4094312704.0,7.85,泛亚微透,688386
